,Unnamed: 0,Collection,Ncells,Timepoint,Architecture_LocalDensity_range3_core_max,Architecture_LocalDensity_range3_core_mean,Architecture_LocalDensity_range3_core_mean_biovolume,Architecture_LocalDensity_range3_core_median,Architecture_LocalDensity_range3_core_min,Architecture_LocalDensity_range3_core_p25,Architecture_LocalDensity_range3_core_p75,Architecture_LocalDensity_range3_core_std,Architecture_LocalDensity_range3_core_std_biovolume,Architecture_LocalDensity_range3_max,Architecture_LocalDensity_range3_mean,Architecture_LocalDensity_range3_mean_biovolume,Architecture_LocalDensity_range3_median,Architecture_LocalDensity_range3_min,Architecture_LocalDensity_range3_p25,Architecture_LocalDensity_range3_p75,Architecture_LocalDensity_range3_shell_max,Architecture_LocalDensity_range3_shell_mean,Architecture_LocalDensity_range3_shell_mean_biovolume,Architecture_LocalDensity_range3_shell_median,Architecture_LocalDensity_range3_shell_min,Architecture_LocalDensity_range3_shell_p25,Architecture_LocalDensity_range3_shell_p75,Architecture_LocalDensity_range3_shell_std,Architecture_LocalDensity_range3_shell_std_biovolume,Architecture_LocalDensity_range3_std,Architecture_LocalDensity_range3_std_biovolume,Architecture_LocalNumberDensity_range3_core_max,Architecture_LocalNumberDensity_range3_core_mean,Architecture_LocalNumberDensity_range3_core_mean_biovolume,Architecture_LocalNumberDensity_range3_core_median,Architecture_LocalNumberDensity_range3_core_min,Architecture_LocalNumberDensity_range3_core_p25,Architecture_LocalNumberDensity_range3_core_p75,Architecture_LocalNumberDensity_range3_core_std,Architecture_LocalNumberDensity_range3_core_std_biovolume,Architecture_LocalNumberDensity_range3_max,Architecture_LocalNumberDensity_range3_mean,Architecture_LocalNumberDensity_range3_mean_biovolume,Architecture_LocalNumberDensity_range3_median,Architecture_LocalNumberDensity_range3_min,Architecture_LocalNumberDensity_range3_p25,Architecture_LocalNumberDensity_range3_p75,Architecture_LocalNumberDensity_range3_shell_max,Architecture_LocalNumberDensity_range3_shell_mean,Architecture_LocalNumberDensity_range3_shell_mean_biovolume,Architecture_LocalNumberDensity_range3_shell_median,Architecture_LocalNumberDensity_range3_shell_min,Architecture_LocalNumberDensity_range3_shell_p25,Architecture_LocalNumberDensity_range3_shell_p75,Architecture_LocalNumberDensity_range3_shell_std,Architecture_LocalNumberDensity_range3_shell_std_biovolume,Architecture_LocalNumberDensity_range3_std,Architecture_LocalNumberDensity_range3_std_biovolume,Architecture_LocalSubstrateArea_core_max,Architecture_LocalSubstrateArea_core_mean,Architecture_LocalSubstrateArea_core_mean_biovolume,Architecture_LocalSubstrateArea_core_median,Architecture_LocalSubstrateArea_core_min,Architecture_LocalSubstrateArea_core_p25,Architecture_LocalSubstrateArea_core_p75,Architecture_LocalSubstrateArea_core_std,Architecture_LocalSubstrateArea_core_std_biovolume,Architecture_LocalSubstrateArea_max,Architecture_LocalSubstrateArea_mean,Architecture_LocalSubstrateArea_mean_biovolume,Architecture_LocalSubstrateArea_median,Architecture_LocalSubstrateArea_min,Architecture_LocalSubstrateArea_p25,Architecture_LocalSubstrateArea_p75,Architecture_LocalSubstrateArea_shell_max,Architecture_LocalSubstrateArea_shell_mean,Architecture_LocalSubstrateArea_shell_mean_biovolume,Architecture_LocalSubstrateArea_shell_median,Architecture_LocalSubstrateArea_shell_min,Architecture_LocalSubstrateArea_shell_p25,Architecture_LocalSubstrateArea_shell_p75,Architecture_LocalSubstrateArea_shell_std,Architecture_LocalSubstrateArea_shell_std_biovolume,Architecture_LocalSubstrateArea_std,Architecture_LocalSubstrateArea_std_biovolume,Biofilm_AspectRatio_HeightToLength,Biofilm_AspectRatio_HeightToWidth,Biofilm_AspectRatio_LengthToWidth,Biofilm_AutoCorrelation_CorrelationLength2D_Substrate_ch1,Biofilm_AutoCorrelation_CorrelationLength2D_ch1,Biofilm_AutoCorrelation_CorrelationLength3D_ch1,Biofilm_AutoCorrelation_Zero2D_Substrate_ch1,Biofilm_AutoCorrelation_Zero2D_ch1,Biofilm_AutoCorrelation_Zero3D_ch1,Biofilm_BaseArea,Biofilm_BaseEccentricity,Biofilm_Height,Biofilm_Length,Biofilm_OuterSurfacePerSubstrate,Biofilm_OuterSurfacePerVolume,Biofilm_SubstrateArea,Biofilm_SubstratumCoverage,Biofilm_Volume,Biofilm_VolumePerSubstrate,Biofilm_Width,Cube_Surface_core_max,Cube_Surface_core_mean,Cube_Surface_core_mean_biovolume,Cube_Surface_core_median,Cube_Surface_core_min,Cube_Surface_core_p25,Cube_Surface_core_p75,Cube_Surface_core_std,Cube_Surface_core_std_biovolume,Cube_Surface_max,Cube_Surface_mean,Cube_Surface_mean_biovolume,Cube_Surface_median,Cube_Surface_min,Cube_Surface_p25,Cube_Surface_p75,Cube_Surface_shell_max,Cube_Surface_shell_mean,Cube_Surface_shell_mean_biovolume,Cube_Surface_shell_median,Cube_Surface_shell_min,Cube_Surface_shell_p25,Cube_Surface_shell_p75,Cube_Surface_shell_std,Cube_Surface_shell_std_biovolume,Cube_Surface_std,Cube_Surface_std_biovolume,Cube_VolumeFraction_core_max,Cube_VolumeFraction_core_mean,Cube_VolumeFraction_core_mean_biovolume,Cube_VolumeFraction_core_median,Cube_VolumeFraction_core_min,Cube_VolumeFraction_core_p25,Cube_VolumeFraction_core_p75,Cube_VolumeFraction_core_std,Cube_VolumeFraction_core_std_biovolume,Cube_VolumeFraction_max,Cube_VolumeFraction_mean,Cube_VolumeFraction_mean_biovolume,Cube_VolumeFraction_median,Cube_VolumeFraction_min,Cube_VolumeFraction_p25,Cube_VolumeFraction_p75,Cube_VolumeFraction_shell_max,Cube_VolumeFraction_shell_mean,Cube_VolumeFraction_shell_mean_biovolume,Cube_VolumeFraction_shell_median,Cube_VolumeFraction_shell_min,Cube_VolumeFraction_shell_p25,Cube_VolumeFraction_shell_p75,Cube_VolumeFraction_shell_std,Cube_VolumeFraction_shell_std_biovolume,Cube_VolumeFraction_std,Cube_VolumeFraction_std_biovolume,Distance_ToBiofilmCenterAtSubstrate_core_max,Distance_ToBiofilmCenterAtSubstrate_core_mean,Distance_ToBiofilmCenterAtSubstrate_core_mean_biovolume,Distance_ToBiofilmCenterAtSubstrate_core_median,Distance_ToBiofilmCenterAtSubstrate_core_min,Distance_ToBiofilmCenterAtSubstrate_core_p25,Distance_ToBiofilmCenterAtSubstrate_core_p75,Distance_ToBiofilmCenterAtSubstrate_core_std,Distance_ToBiofilmCenterAtSubstrate_core_std_biovolume,Distance_ToBiofilmCenterAtSubstrate_max,Distance_ToBiofilmCenterAtSubstrate_mean,Distance_ToBiofilmCenterAtSubstrate_mean_biovolume,Distance_ToBiofilmCenterAtSubstrate_median,Distance_ToBiofilmCenterAtSubstrate_min,Distance_ToBiofilmCenterAtSubstrate_p25,Distance_ToBiofilmCenterAtSubstrate_p75,Distance_ToBiofilmCenterAtSubstrate_shell_max,Distance_ToBiofilmCenterAtSubstrate_shell_mean,Distance_ToBiofilmCenterAtSubstrate_shell_mean_biovolume,Distance_ToBiofilmCenterAtSubstrate_shell_median,Distance_ToBiofilmCenterAtSubstrate_shell_min,Distance_ToBiofilmCenterAtSubstrate_shell_p25,Distance_ToBiofilmCenterAtSubstrate_shell_p75,Distance_ToBiofilmCenterAtSubstrate_shell_std,Distance_ToBiofilmCenterAtSubstrate_shell_std_biovolume,Distance_ToBiofilmCenterAtSubstrate_std,Distance_ToBiofilmCenterAtSubstrate_std_biovolume,Distance_ToBiofilmCenter_core_max,Distance_ToBiofilmCenter_core_mean,Distance_ToBiofilmCenter_core_mean_biovolume,Distance_ToBiofilmCenter_core_median,Distance_ToBiofilmCenter_core_min,Distance_ToBiofilmCenter_core_p25,Distance_ToBiofilmCenter_core_p75,Distance_ToBiofilmCenter_core_std,Distance_ToBiofilmCenter_core_std_biovolume,Distance_ToBiofilmCenter_max,Distance_ToBiofilmCenter_mean,Distance_ToBiofilmCenter_mean_biovolume,Distance_ToBiofilmCenter_median,Distance_ToBiofilmCenter_min,Distance_ToBiofilmCenter_p25,Distance_ToBiofilmCenter_p75,Distance_ToBiofilmCenter_shell_max,Distance_ToBiofilmCenter_shell_mean,Distance_ToBiofilmCenter_shell_mean_biovolume,Distance_ToBiofilmCenter_shell_median,Distance_ToBiofilmCenter_shell_min,Distance_ToBiofilmCenter_shell_p25,Distance_ToBiofilmCenter_shell_p75,Distance_ToBiofilmCenter_shell_std,Distance_ToBiofilmCenter_shell_std_biovolume,Distance_ToBiofilmCenter_std,Distance_ToBiofilmCenter_std_biovolume,Distance_ToSurface_resolution2_core_max,Distance_ToSurface_resolution2_core_mean,Distance_ToSurface_resolution2_core_mean_biovolume,Distance_ToSurface_resolution2_core_median,Distance_ToSurface_resolution2_core_min,Distance_ToSurface_resolution2_core_p25,Distance_ToSurface_resolution2_core_p75,Distance_ToSurface_resolution2_core_std,Distance_ToSurface_resolution2_core_std_biovolume,Distance_ToSurface_resolution2_max,Distance_ToSurface_resolution2_mean,Distance_ToSurface_resolution2_mean_biovolume,Distance_ToSurface_resolution2_median,Distance_ToSurface_resolution2_min,Distance_ToSurface_resolution2_p25,Distance_ToSurface_resolution2_p75,Distance_ToSurface_resolution2_shell_max,Distance_ToSurface_resolution2_shell_mean,Distance_ToSurface_resolution2_shell_mean_biovolume,Distance_ToSurface_resolution2_shell_median,Distance_ToSurface_resolution2_shell_min,Distance_ToSurface_resolution2_shell_p25,Distance_ToSurface_resolution2_shell_p75,Distance_ToSurface_resolution2_shell_std,Distance_ToSurface_resolution2_shell_std_biovolume,Distance_ToSurface_resolution2_std,Distance_ToSurface_resolution2_std_biovolume,Grid_ID_core_max,Grid_ID_core_mean,Grid_ID_core_mean_biovolume,Grid_ID_core_median,Grid_ID_core_min,Grid_ID_core_p25,Grid_ID_core_p75,Grid_ID_core_std,Grid_ID_core_std_biovolume,Grid_ID_max,Grid_ID_mean,Grid_ID_mean_biovolume,Grid_ID_median,Grid_ID_min,Grid_ID_p25,Grid_ID_p75,Grid_ID_shell_max,Grid_ID_shell_mean,Grid_ID_shell_mean_biovolume,Grid_ID_shell_median,Grid_ID_shell_min,Grid_ID_shell_p25,Grid_ID_shell_p75,Grid_ID_shell_std,Grid_ID_shell_std_biovolume,Grid_ID_std,Grid_ID_std_biovolume,Intensity_Mean_ch1_core_max,Intensity_Mean_ch1_core_mean,Intensity_Mean_ch1_core_mean_biovolume,Intensity_Mean_ch1_core_median,Intensity_Mean_ch1_core_min,Intensity_Mean_ch1_core_p25,Intensity_Mean_ch1_core_p75,Intensity_Mean_ch1_core_std,Intensity_Mean_ch1_core_std_biovolume,Intensity_Mean_ch1_max,Intensity_Mean_ch1_mean,Intensity_Mean_ch1_mean_biovolume,Intensity_Mean_ch1_median,Intensity_Mean_ch1_min,Intensity_Mean_ch1_p25,Intensity_Mean_ch1_p75,Intensity_Mean_ch1_shell_max,Intensity_Mean_ch1_shell_mean,Intensity_Mean_ch1_shell_mean_biovolume,Intensity_Mean_ch1_shell_median,Intensity_Mean_ch1_shell_min,Intensity_Mean_ch1_shell_p25,Intensity_Mean_ch1_shell_p75,Intensity_Mean_ch1_shell_std,Intensity_Mean_ch1_shell_std_biovolume,Intensity_Mean_ch1_std,Intensity_Mean_ch1_std_biovolume,Shape_Volume_core_max,Shape_Volume_core_mean,Shape_Volume_core_mean_biovolume,Shape_Volume_core_median,Shape_Volume_core_min,Shape_Volume_core_p25,Shape_Volume_core_p75,Shape_Volume_core_std,Shape_Volume_core_std_biovolume,Shape_Volume_max,Shape_Volume_mean,Shape_Volume_mean_biovolume,Shape_Volume_median,Shape_Volume_min,Shape_Volume_p25,Shape_Volume_p75,Shape_Volume_shell_max,Shape_Volume_shell_mean,Shape_Volume_shell_mean_biovolume,Shape_Volume_shell_median,Shape_Volume_shell_min,Shape_Volume_shell_p25,Shape_Volume_shell_p75,Shape_Volume_shell_std,Shape_Volume_shell_std_biovolume,Shape_Volume_std,Shape_Volume_std_biovolume,Intensity_Ratio_Mean_ch1_ch2_core_max,Intensity_Ratio_Mean_ch1_ch2_core_mean,Intensity_Ratio_Mean_ch1_ch2_core_mean_biovolume,Intensity_Ratio_Mean_ch1_ch2_core_median,Intensity_Ratio_Mean_ch1_ch2_core_min,Intensity_Ratio_Mean_ch1_ch2_core_p25,Intensity_Ratio_Mean_ch1_ch2_core_p75,Intensity_Ratio_Mean_ch1_ch2_core_std,Intensity_Ratio_Mean_ch1_ch2_core_std_biovolume,Intensity_Ratio_Mean_ch1_ch2_max,Intensity_Ratio_Mean_ch1_ch2_mean,Intensity_Ratio_Mean_ch1_ch2_mean_biovolume,Intensity_Ratio_Mean_ch1_ch2_median,Intensity_Ratio_Mean_ch1_ch2_min,Intensity_Ratio_Mean_ch1_ch2_noBackground_core_max,Intensity_Ratio_Mean_ch1_ch2_noBackground_core_mean,Intensity_Ratio_Mean_ch1_ch2_noBackground_core_mean_biovolume,Intensity_Ratio_Mean_ch1_ch2_noBackground_core_median,Intensity_Ratio_Mean_ch1_ch2_noBackground_core_min,Intensity_Ratio_Mean_ch1_ch2_noBackground_core_p25,Intensity_Ratio_Mean_ch1_ch2_noBackground_core_p75,Intensity_Ratio_Mean_ch1_ch2_noBackground_core_std,Intensity_Ratio_Mean_ch1_ch2_noBackground_core_std_biovolume,Intensity_Ratio_Mean_ch1_ch2_noBackground_max,Intensity_Ratio_Mean_ch1_ch2_noBackground_mean,Intensity_Ratio_Mean_ch1_ch2_noBackground_mean_biovolume,Intensity_Ratio_Mean_ch1_ch2_noBackground_median,Intensity_Ratio_Mean_ch1_ch2_noBackground_min,Intensity_Ratio_Mean_ch1_ch2_noBackground_p25,Intensity_Ratio_Mean_ch1_ch2_noBackground_p75,Intensity_Ratio_Mean_ch1_ch2_noBackground_shell_max,Intensity_Ratio_Mean_ch1_ch2_noBackground_shell_mean,Intensity_Ratio_Mean_ch1_ch2_noBackground_shell_mean_biovolume,Intensity_Ratio_Mean_ch1_ch2_noBackground_shell_median,Intensity_Ratio_Mean_ch1_ch2_noBackground_shell_min,Intensity_Ratio_Mean_ch1_ch2_noBackground_shell_p25,Intensity_Ratio_Mean_ch1_ch2_noBackground_shell_p75,Intensity_Ratio_Mean_ch1_ch2_noBackground_shell_std,Intensity_Ratio_Mean_ch1_ch2_noBackground_shell_std_biovolume,Intensity_Ratio_Mean_ch1_ch2_noBackground_std,Intensity_Ratio_Mean_ch1_ch2_noBackground_std_biovolume,Intensity_Ratio_Mean_ch1_ch2_p25,Intensity_Ratio_Mean_ch1_ch2_p75,Intensity_Ratio_Mean_ch1_ch2_shell_max,Intensity_Ratio_Mean_ch1_ch2_shell_mean,Intensity_Ratio_Mean_ch1_ch2_shell_mean_biovolume,Intensity_Ratio_Mean_ch1_ch2_shell_median,Intensity_Ratio_Mean_ch1_ch2_shell_min,Intensity_Ratio_Mean_ch1_ch2_shell_p25,Intensity_Ratio_Mean_ch1_ch2_shell_p75,Intensity_Ratio_Mean_ch1_ch2_shell_std,Intensity_Ratio_Mean_ch1_ch2_shell_std_biovolume,Intensity_Ratio_Mean_ch1_ch2_std,Intensity_Ratio_Mean_ch1_ch2_std_biovolume,Intensity_Ratio_Mean_ch2_ch1_core_max,Intensity_Ratio_Mean_ch2_ch1_core_mean,Intensity_Ratio_Mean_ch2_ch1_core_mean_biovolume,Intensity_Ratio_Mean_ch2_ch1_core_median,Intensity_Ratio_Mean_ch2_ch1_core_min,Intensity_Ratio_Mean_ch2_ch1_core_p25,Intensity_Ratio_Mean_ch2_ch1_core_p75,Intensity_Ratio_Mean_ch2_ch1_core_std,Intensity_Ratio_Mean_ch2_ch1_core_std_biovolume,Intensity_Ratio_Mean_ch2_ch1_max,Intensity_Ratio_Mean_ch2_ch1_mean,Intensity_Ratio_Mean_ch2_ch1_mean_biovolume,Intensity_Ratio_Mean_ch2_ch1_median,Intensity_Ratio_Mean_ch2_ch1_min,Intensity_Ratio_Mean_ch2_ch1_noBackground_core_max,Intensity_Ratio_Mean_ch2_ch1_noBackground_core_mean,Intensity_Ratio_Mean_ch2_ch1_noBackground_core_mean_biovolume,Intensity_Ratio_Mean_ch2_ch1_noBackground_core_median,Intensity_Ratio_Mean_ch2_ch1_noBackground_core_min,Intensity_Ratio_Mean_ch2_ch1_noBackground_core_p25,Intensity_Ratio_Mean_ch2_ch1_noBackground_core_p75,Intensity_Ratio_Mean_ch2_ch1_noBackground_core_std,Intensity_Ratio_Mean_ch2_ch1_noBackground_core_std_biovolume,Intensity_Ratio_Mean_ch2_ch1_noBackground_max,Intensity_Ratio_Mean_ch2_ch1_noBackground_mean,Intensity_Ratio_Mean_ch2_ch1_noBackground_mean_biovolume,Intensity_Ratio_Mean_ch2_ch1_noBackground_median,Intensity_Ratio_Mean_ch2_ch1_noBackground_min,Intensity_Ratio_Mean_ch2_ch1_noBackground_p25,Intensity_Ratio_Mean_ch2_ch1_noBackground_p75,Intensity_Ratio_Mean_ch2_ch1_noBackground_shell_max,Intensity_Ratio_Mean_ch2_ch1_noBackground_shell_mean,Intensity_Ratio_Mean_ch2_ch1_noBackground_shell_mean_biovolume,Intensity_Ratio_Mean_ch2_ch1_noBackground_shell_median,Intensity_Ratio_Mean_ch2_ch1_noBackground_shell_min,Intensity_Ratio_Mean_ch2_ch1_noBackground_shell_p25,Intensity_Ratio_Mean_ch2_ch1_noBackground_shell_p75,Intensity_Ratio_Mean_ch2_ch1_noBackground_shell_std,Intensity_Ratio_Mean_ch2_ch1_noBackground_shell_std_biovolume,Intensity_Ratio_Mean_ch2_ch1_noBackground_std,Intensity_Ratio_Mean_ch2_ch1_noBackground_std_biovolume,Intensity_Ratio_Mean_ch2_ch1_p25,Intensity_Ratio_Mean_ch2_ch1_p75,Intensity_Ratio_Mean_ch2_ch1_shell_max,Intensity_Ratio_Mean_ch2_ch1_shell_mean,Intensity_Ratio_Mean_ch2_ch1_shell_mean_biovolume,Intensity_Ratio_Mean_ch2_ch1_shell_median,Intensity_Ratio_Mean_ch2_ch1_shell_min,Intensity_Ratio_Mean_ch2_ch1_shell_p25,Intensity_Ratio_Mean_ch2_ch1_shell_p75,Intensity_Ratio_Mean_ch2_ch1_shell_std,Intensity_Ratio_Mean_ch2_ch1_shell_std_biovolume,Intensity_Ratio_Mean_ch2_ch1_std,Intensity_Ratio_Mean_ch2_ch1_std_biovolume
0,1,III,16430.0,16-Dec-2021 15:19:26,1.0,0.66545,0.81979,0.75269,0.0,0.41935,0.96774,0.31497,0.23802,1.0,0.66655,0.82298,0.75269,0.0,0.41935,0.96774,1.0,0.66688,0.82397,0.75269,0.0,0.41935,0.96774,0.31597,0.23612,0.31573,0.23658,0.56334,0.0071234,0.00029132,0.0,0.0,0.0,0.0,0.045472,0.0087673,0.93891,0.0081147,0.00035863,0.0,0.0,0.0,0.0,0.93891,0.0084126,0.0003794,0.0,0.0,0.0,0.0,0.047333,0.0091936,0.046911,0.009095,100.0,13.3659,24.5873,0.0,0.0,0.0,0.0,30.1497,38.3855,100,12.4694,23.6886,0,0,0,0,100.0,12.2001,23.4113,0.0,0.0,0.0,0.0,29.2219,38.082,29.442,38.157,0.087989,0.10047,1.1419,2.6797,2.7612,18.8794,5.0554,64.2764,37.5547,44197.6939,0.48276,22.3045,253.4923,,,26714.5403,0.78153,326671.4455,12.2282,221.9959,282.0,129.0079,152.4719,139.0,0.0,84.0,178.0,65.2388,50.6141,326,126.1411,153.286,137,0,74,177.0,326.0,125.2798,153.5371,136.5,0.0,71.0,176.0,67.9839,52.4336,67.376,52.0123,1.0,0.43096,0.62814,0.4285,0.001,0.165,0.666,0.29155,0.23137,1.0,0.43612,0.64016,0.437,0.001,0.155,0.684,1.0,0.43767,0.64387,0.4405,0.001,0.152,0.69,0.30137,0.23172,0.29914,0.23173,52.7103,36.3796,35.8445,38.1773,1.8652,28.2153,45.8679,11.37,11.7648,131.3838,73.165,72.1229,75.9574,1.8652,54.6345,92.4216,131.3838,84.2176,83.3172,84.0184,52.716,70.118,96.1331,17.7275,17.3475,26.0405,25.8596,53.4003,35.08,35.3046,37.1596,2.1845,26.7494,44.9295,11.7877,11.946,131.4195,72.4062,71.7992,75.4075,2.1845,53.7003,91.8349,131.4195,83.6212,83.0602,83.4888,49.7907,69.4373,95.7309,17.8555,17.3981,26.3797,25.9987,1.3511,0.50539,0.56753,0.51068,0.0,0.3611,0.72221,0.24136,0.22433,1.6149,0.50064,0.56845,0.51068,0.0,0.3611,0.72221,1.6149,0.49922,0.56873,0.51068,0.0,0.3611,0.72221,0.24691,0.22971,0.24565,0.22845,25458.0,7924.2921,5890.8365,7201.5,595.0,3931.5,11986.5,4758.5929,3405.6604,25458,8315.4341,6079.028,8217.5,1,4110.0,12334.0,21727.0,8432.9563,6137.0972,8302.5,1.0,4318.0,12683.0,4949.444,3583.1171,4910.5491,3543.6156,71.3163,29.9269,34.2198,28.604,19.299,23.7346,34.3955,7.6693,7.5832,83.1768,30.2716,34.9464,28.725,19.2711,23.537,35.1781,83.1768,30.3751,35.1706,28.7792,19.2711,23.4792,35.3643,8.4047,8.2549,8.2426,8.1115,47.0863,20.2925,29.577,20.1765,0.047086,7.7692,31.3595,13.7279,10.8944,47.0863,19.8826,29.9373,19.635,0.047086,6.3566,31.642,47.0863,19.7595,30.0485,19.3525,0.047086,5.8387,31.7832,14.2591,11.1234,14.1395,11.0717,,,,,,,,,,,,,,,,,,,,,,,,,,,,,,,,,,,,,,,,,,,,,,,,,,,,,,,,,,,,,,,,,,,,,,,,,,,,,,,,,,,,,,,,,,,,,,,,,,,,,,,,,,,,
1,1,III,17270.0,16-Dec-2021 15:19:26,1.0,0.64704,0.80286,0.70968,0.0,0.39785,0.94624,0.31762,0.24883,1.0,0.65037,0.81373,0.725,0.0,0.3875,0.95699,1.0,0.65136,0.81705,0.73118,0.0,0.3871,0.95699,0.31736,0.23857,0.31742,0.24109,0.56334,0.0066556,0.00032415,0.0,0.0,0.0,0.0,0.042369,0.008501,1.1267,0.0090683,0.00038964,0.0,0.0,0.0,0.0,1.1267,0.0097838,0.00040963,0.0,0.0,0.0,0.0,0.055414,0.0097544,0.052731,0.0094762,100.0,12.7473,23.8664,0.0,0.0,0.0,0.0,29.3162,37.6303,100,11.8343,23.0033,0,0,0,0,100.0,11.5635,22.7398,0.0,0.0,0.0,0.0,28.5567,37.7393,28.7356,37.7168,0.10187,0.1042,1.0228,2.6561,2.7262,18.9873,4.3332,62.1098,37.5547,41560.3313,0.21013,23.7006,232.6471,,,26649.9945,0.77964,329630.7246,12.3689,227.4529,294.0,127.9494,155.1041,137.0,0.0,78.0,178.0,66.3705,51.7255,345,123.8411,153.6499,132,0,70,176.0,345.0,122.6228,153.2061,130.0,0.0,68.0,175.0,69.0133,54.3255,68.4525,53.7347,1.0,0.41446,0.62007,0.395,0.001,0.145,0.661,0.29196,0.23708,1.0,0.41775,0.6335,0.3955,0.001,0.136,0.674,1.0,0.41872,0.6376,0.396,0.001,0.133,0.678,0.30388,0.2415,0.30119,0.24059,52.6698,36.3073,35.7481,38.2012,0.80936,28.0817,46.1123,11.4367,11.8353,131.4047,73.345,72.1592,76.2923,0.80936,54.8786,92.5535,131.4047,84.3284,83.2731,84.1327,52.6966,70.3115,96.2546,17.6582,17.2525,26.0235,25.7967,53.3545,35.0926,35.21,37.052,1.9068,26.4735,44.9832,11.8301,12.0505,131.0717,72.618,71.836,75.6753,1.9068,54.176,91.9881,131.0717,83.7461,83.0155,83.6296,49.4131,69.6525,95.7214,17.7731,17.3049,26.3295,25.9393,1.302,0.50968,0.57514,0.51068,0.0,0.3611,0.72221,0.24674,0.22488,1.8055,0.50096,0.56907,0.51068,0.0,0.3611,0.72221,1.8055,0.49837,0.56722,0.51068,0.0,0.3611,0.72221,0.24771,0.22685,0.24753,0.22641,23419.0,8244.6099,6389.8421,7408.5,596.0,4017.0,12188.0,4954.1171,3430.3228,27252,8752.2292,6595.7772,8638.5,1,4320.0,12971.0,27252.0,8902.762,6658.6358,8653.5,1.0,4628.5,13254.5,5235.1564,3678.6499,5179.4653,3623.8895,77.8263,32.6349,37.3676,31.0,21.5035,26.4031,37.1195,7.9998,8.0603,84.7984,33.028,38.3507,31.104,21.5019,26.2024,37.8171,84.7984,33.1445,38.6508,31.1447,21.5019,26.1578,38.0463,8.9788,9.0595,8.7669,8.8527,47.0863,19.5153,29.197,18.5991,0.047086,6.8275,31.124,13.7473,11.1633,47.0863,19.0869,29.6343,17.7044,0.047086,5.7445,31.1711,47.0863,18.9598,29.7678,17.469,0.047086,5.4149,31.1711,14.3154,11.5474,14.189,11.4613,,,,,,,,,,,,,,,,,,,,,,,,,,,,,,,,,,,,,,,,,,,,,,,,,,,,,,,,,,,,,,,,,,,,,,,,,,,,,,,,,,,,,,,,,,,,,,,,,,,,,,,,,,,,
2,1,III,16177.0,16-Dec-2021 15:19:26,1.0,0.64352,0.80565,0.72043,0.0,0.37634,0.94624,0.32003,0.24376,1.0,0.64068,0.80727,0.72043,0.0,0.37634,0.94624,1.0,0.63983,0.80777,0.7125,0.0,0.36559,0.94624,0.32242,0.24018,0.32187,0.24103,0.37556,0.0060022,0.00020282,0.0,0.0,0.0,0.0,0.036574,0.0066569,0.93891,0.0076845,0.00031394,0.0,0.0,0.0,0.0,0.93891,0.0081874,0.00034812,0.0,0.0,0.0,0.0,0.046124,0.0086939,0.044119,0.0082602,100.0,13.9842,26.4096,0.0,0.0,0.0,0.0,30.8828,39.2397,100,12.8421,25.0773,0,0,0,0,100.0,12.5007,24.6673,0.0,0.0,0.0,0.0,29.5796,38.6684,29.8901,38.8106,0.092744,0.097895,1.0555,2.6083,2.6853,19.6194,6.4999,63.5542,51.2767,42077.2274,0.32009,22.0548,237.8016,,,27089.2973,0.79249,315164.8747,11.6343,225.2903,301.0,131.7714,159.7242,145.0,1.0,81.0,182.0,68.7709,50.9924,304,128.9086,159.9235,140,0,74,182.0,304.0,128.0528,159.9848,139.0,0.0,71.0,182.0,71.4617,53.5446,70.8667,52.9553,1.0,0.42301,0.62351,0.427,0.001,0.153,0.664,0.29127,0.22674,1.0,0.42695,0.63561,0.426,0.001,0.14575,0.677,1.0,0.42813,0.63933,0.426,0.001,0.143,0.681,0.30135,0.23112,0.29906,0.2302,52.6965,36.2741,36.0468,38.1364,1.8553,27.8583,46.0887,11.5569,11.8625,130.978,73.2227,72.1516,76.0517,1.8553,54.8153,92.3658,130.978,84.2682,83.2604,84.0827,52.7068,70.2764,96.2206,17.7015,17.347,26.0787,25.7741,53.3862,35.2659,35.7507,37.2026,2.5113,26.825,45.3316,11.8761,11.9668,130.5006,72.6131,71.9509,75.5943,2.5113,54.0052,92.0834,130.5006,83.7776,83.0891,83.6312,49.9877,69.6689,95.807,17.8012,17.378,26.3324,25.8425,1.302,0.49872,0.56301,0.51068,0.0,0.3611,0.72221,0.23761,0.21968,1.6149,0.49894,0.57003,0.51068,0.0,0.3611,0.72221,1.6149,0.499,0.5722,0.51068,0.0,0.3611,0.72221,0.2487,0.2291,0.24619,0.22695,20672.0,7724.2557,5616.1342,7104.0,595.0,3894.25,11838.75,4614.6354,3232.9746,22036,8203.5872,5877.0859,8092.0,1,4047.75,12145.25,22036.0,8346.8786,5957.3763,8223.5,1.0,4219.0,12477.0,4924.3826,3462.5282,4861.7773,3412.9782,61.8637,28.0876,31.7526,27.1296,19.0576,22.9855,32.1571,6.2618,5.9244,72.0275,28.4168,32.4629,27.2615,19.0445,22.7454,32.7058,72.0275,28.5152,32.6815,27.2852,19.0445,22.65,32.871,6.9701,6.6426,6.8158,6.4928,47.0863,19.918,29.3588,20.1058,0.047086,7.2042,31.2653,13.7147,10.6763,47.0863,19.4823,29.7321,19.1641,0.047086,5.8858,31.3124,47.0863,19.352,29.8469,18.7403,0.047086,5.5562,31.3124,14.2518,11.0865,14.1316,10.9933,,,,,,,,,,,,,,,,,,,,,,,,,,,,,,,,,,,,,,,,,,,,,,,,,,,,,,,,,,,,,,,,,,,,,,,,,,,,,,,,,,,,,,,,,,,,,,,,,,,,,,,,,,,,
3,1,III,15887.0,16-Dec-2021 15:19:26,1.0,0.62708,0.78956,0.68817,0.0,0.36559,0.92473,0.31726,0.24962,1.0,0.63084,0.79862,0.69892,0.0,0.36559,0.93548,1.0,0.63198,0.80141,0.69892,0.0,0.36559,0.93968,0.32084,0.24566,0.32001,0.24665,0.37556,0.0066593,0.00029869,0.0,0.0,0.0,0.0,0.03789,0.0076189,0.56334,0.0078011,0.00039667,0.0,0.0,0.0,0.0,0.56334,0.008147,0.00042686,0.0,0.0,0.0,0.0,0.044674,0.0096466,0.043195,0.0092095,100.0,13.4486,26.315,0.0,0.0,0.0,0.0,29.7518,38.2732,100,12.7078,25.5357,0,0,0,0,100.0,12.4834,25.2956,0.0,0.0,0.0,0.0,29.2875,38.623,29.398,38.5433,0.10004,0.086327,0.86289,2.6507,2.7312,18.3479,58.4987,60.6654,38.9992,42027.9146,0.50538,21.4977,214.8833,,,26325.4398,0.77015,296127.1345,11.2487,249.0263,308.0,132.088,163.9841,144.0,0.0,82.0,185.0,69.256,50.9656,331,127.4822,160.8075,137,0,72,182.0,331.0,126.0869,159.8289,135.0,0.0,68.0,181.0,70.9036,53.7237,70.5673,53.1163,1.0,0.40097,0.60805,0.371,0.001,0.138,0.643,0.28819,0.23565,1.0,0.40936,0.6234,0.388,0.001,0.131,0.659,1.0,0.41191,0.62813,0.392,0.001,0.128,0.66625,0.29966,0.23866,0.29706,0.23811,52.7753,36.2025,35.6066,37.9222,2.1537,27.8143,45.9342,11.5112,11.935,131.8402,73.1657,72.2495,76.186,2.1537,54.5715,92.4409,131.8402,84.364,83.5382,84.1524,52.7795,70.3968,96.3026,17.6752,17.2821,26.1634,25.9909,53.4247,35.1169,35.1531,36.9814,2.2619,26.644,44.9736,11.8852,12.1273,130.7918,72.5342,71.9866,75.6978,2.2619,53.9889,91.9794,130.7918,83.8702,83.334,83.7032,50.4825,69.8978,95.7663,17.7686,17.3136,26.4449,26.1106,1.302,0.49973,0.56306,0.51068,0.0,0.3611,0.72221,0.23229,0.21143,1.6548,0.49794,0.56298,0.51068,0.0,0.3611,0.72221,1.6548,0.49739,0.56295,0.51068,0.0,0.3611,0.72221,0.24137,0.22225,0.23929,0.21975,20457.0,7659.5,5803.1753,7094.5,595.0,3885.0,11819.0,4552.8722,3147.2253,24783,8042.023,5945.5693,7946.0,1,3974.25,11925.75,24783.0,8157.9124,5989.437,8087.0,1.0,4063.75,12058.25,4808.5808,3370.0945,4754.8756,3319.8936,52.8822,27.0914,30.4912,26.0364,19.068,22.7708,30.3405,5.5734,5.5445,91.0424,27.7299,31.6398,26.4721,19.0537,22.7222,31.148,91.0424,27.9233,31.9937,26.6413,19.0537,22.7017,31.4096,6.6858,6.75,6.4537,6.5175,47.0863,18.88,28.6307,17.469,0.047086,6.4979,30.2765,13.5699,11.0958,47.0863,18.6396,29.1422,17.1865,0.047086,5.462,30.4177,47.0863,18.5667,29.2997,17.0923,0.047086,5.1324,30.5119,14.1171,11.4321,13.992,11.3573,,,,,,,,,,,,,,,,,,,,,,,,,,,,,,,,,,,,,,,,,,,,,,,,,,,,,,,,,,,,,,,,,,,,,,,,,,,,,,,,,,,,,,,,,,,,,,,,,,,,,,,,,,,,
0,1,III,17846.0,20-Jan-2022 17:11:56,1.0,0.63875,0.81729,0.69892,0.0,0.37634,0.94624,0.31616,0.23939,1.0,0.63095,0.81773,0.69892,0.0,0.36559,0.94624,1.0,0.62855,0.81788,0.69892,0.0,0.35484,0.93548,0.32259,0.23626,0.32111,0.23704,0.73993,0.010238,0.00034916,0.0,0.0,0.0,0.0,0.050211,0.0086528,0.92491,0.011589,0.00040575,0.0,0.0,0.0,0.0,0.92491,0.012006,0.00042445,0.0,0.0,0.0,0.0,0.059476,0.0099091,0.057429,0.0096125,100.0,12.1895,24.4213,0.0,0.0,0.0,0.0,29.3328,38.6023,100,11.422,23.7722,0,0,0,0,100.0,11.185,23.5578,0.0,0.0,0.0,0.0,28.0325,37.9305,28.347,38.1002,0.10772,0.11695,1.0857,2.7061,2.9082,18.7527,41.3724,66.7765,35.5657,40555.3546,0.3894,25.5057,236.7738,,,26846.9173,0.77758,329203.3773,12.2622,218.0844,284.0,117.9295,151.1625,130.0,0.0,53.0,175.0,70.9197,52.8909,339,115.6499,153.1455,124,0,50,174.0,339.0,114.9462,153.8006,123.0,0.0,49.0,174.0,71.9065,53.5972,71.6841,53.4348,1.0,0.40622,0.64995,0.3865,0.001,0.088,0.685,0.31469,0.2381,1.0,0.39521,0.64329,0.36,0.001,0.085,0.671,1.0,0.39181,0.64109,0.351,0.001,0.084,0.668,0.31202,0.2416,0.3127,0.24076,52.8722,36.7059,36.1979,38.4912,3.0517,28.6139,46.1924,11.2082,11.5493,135.3882,73.1646,71.6744,75.8762,3.0517,54.306,92.6518,135.3882,84.4209,83.3936,84.0861,52.8876,70.2807,96.5689,17.8034,17.3665,26.1195,25.992,53.8784,34.937,34.9949,36.706,2.1265,26.2953,44.9339,11.7948,12.0378,134.0203,72.1399,71.0118,75.1234,2.1265,53.1795,91.9671,134.0203,83.626,82.9095,83.3616,49.1549,69.4223,95.9023,17.9752,17.4674,26.5901,26.341,1.3085,0.48075,0.54128,0.36292,0.0,0.36292,0.72583,0.24327,0.22576,1.8146,0.47662,0.54322,0.36292,0.0,0.36292,0.72583,1.8146,0.47535,0.54386,0.36292,0.0,0.36292,0.72583,0.24197,0.22205,0.24229,0.22298,23165.0,9514.2162,8196.0837,9387.5,548.0,4453.0,14421.0,5386.9463,3484.1724,26626,9919.6585,8251.0448,9873.5,1,5411.0,14352.0,26626.0,10044.8354,8269.2004,10210.5,1.0,5506.5,14306.5,5489.5435,3700.8477,5470.0049,3648.3829,63.8782,18.103,21.3267,17.1054,12.0081,14.1315,20.8711,4.8511,4.8637,63.8782,17.9484,21.2798,16.7197,12.0056,14.095,20.5915,55.9774,17.9006,21.2643,16.607,12.0056,14.0786,20.495,4.8875,5.0309,4.8796,4.9899,47.7988,19.4168,31.0668,18.4742,0.047799,4.2063,32.7422,15.042,11.3811,47.7988,18.4469,30.608,16.2516,0.047799,3.6805,31.6906,47.7988,18.1475,30.4564,15.6063,0.047799,3.5371,31.4516,14.9463,11.7079,14.9782,11.6306,,,,,,,,,,,,,,,,,,,,,,,,,,,,,,,,,,,,,,,,,,,,,,,,,,,,,,,,,,,,,,,,,,,,,,,,,,,,,,,,,,,,,,,,,,,,,,,,,,,,,,,,,,,,
1,1,III,16525.0,20-Jan-2022 17:11:56,1.0,0.60299,0.79194,0.64516,0.0,0.33333,0.91398,0.31885,0.24951,1.0,0.61157,0.80215,0.65591,0.0,0.33333,0.92473,1.0,0.61424,0.80542,0.66667,0.0,0.3375,0.92473,0.32024,0.24236,0.31994,0.24419,0.55495,0.0090511,0.00041101,0.0,0.0,0.0,0.0,0.044262,0.0089859,0.55495,0.0095821,0.00041701,0.0,0.0,0.0,0.0,0.55495,0.0097475,0.00041894,0.0,0.0,0.0,0.0,0.047506,0.0095213,0.046756,0.009394,100.0,12.5178,25.4651,0.0,0.0,0.0,0.0,29.1763,38.4056,100,11.953,24.6129,0,0,0,0,100.0,11.7771,24.3394,0.0,0.0,0.0,0.0,28.3101,37.9196,28.519,38.0413,0.10519,0.096856,0.92078,2.8154,3.053,17.4721,63.1473,67.5023,48.6307,41381.8686,0.39008,23.1691,220.2613,,,26015.3145,0.75349,289400.8757,11.1243,239.2114,292.0,119.041,159.5749,130.0,1.0,49.0,179.0,72.765,50.1768,354,116.7032,157.2361,125,0,49,175.0,354.0,115.9752,156.4853,124.0,0.0,49.0,174.0,72.6276,53.7772,72.6697,52.9414,1.0,0.37494,0.62113,0.33,0.001,0.0715,0.642,0.30386,0.23663,1.0,0.37493,0.62162,0.326,0.001,0.078,0.634,1.0,0.37492,0.62178,0.325,0.001,0.081,0.63,0.30389,0.24439,0.30387,0.24253,52.6546,36.2635,35.8321,38.0458,3.0996,28.0588,45.9292,11.2664,11.593,134.2464,72.7957,71.4255,75.5159,3.0996,53.9991,92.5129,134.2464,84.172,82.8511,83.7719,52.6894,69.9985,96.51,17.8272,17.3761,26.2316,25.8437,53.4759,34.7944,34.8559,36.6448,2.5625,26.0029,44.7717,11.76,12.0141,133.9936,71.9577,70.9034,74.8404,2.5625,53.11,91.9314,133.9936,83.5305,82.4747,83.0935,49.7214,69.2626,95.861,17.971,17.4619,26.6309,26.1346,1.3579,0.48751,0.54713,0.51324,0.0,0.36292,0.72583,0.22806,0.20807,1.4963,0.48228,0.54816,0.36292,0.0,0.36292,0.72583,1.4963,0.48066,0.5485,0.36292,0.0,0.36292,0.72583,0.23757,0.21904,0.23536,0.21643,22686.0,8778.974,7496.2043,9069.5,545.0,4237.5,12450.5,5031.8159,3205.9407,23851,9093.8616,7456.6246,9056.0,1,4919.75,13202.25,23851.0,9191.9188,7443.9193,9047.0,1.0,5120.75,13339.25,5078.7035,3471.8078,5070.5029,3409.1835,47.9373,22.4159,25.8074,21.2743,16.0486,18.533,25.3257,4.7788,4.6001,58.1312,22.5277,26.1525,21.2564,16.0483,18.5066,25.3135,58.1312,22.5625,26.2633,21.2503,16.0483,18.4938,25.3,5.246,5.4508,5.1391,5.2604,47.7988,17.9216,29.6894,15.7736,0.047799,3.4176,30.6868,14.5242,11.3109,47.7988,17.5129,29.5799,14.8176,0.047799,3.4415,29.9221,47.7988,17.3857,29.5448,14.5308,0.047799,3.4415,29.6831,14.54,11.8149,14.5376,11.6946,,,,,,,,,,,,,,,,,,,,,,,,,,,,,,,,,,,,,,,,,,,,,,,,,,,,,,,,,,,,,,,,,,,,,,,,,,,,,,,,,,,,,,,,,,,,,,,,,,,,,,,,,,,,
2,1,III,16242.0,20-Jan-2022 17:11:56,1.0,0.61869,0.80667,0.67742,0.0,0.34409,0.92473,0.32183,0.24257,1.0,0.61393,0.80353,0.66667,0.0,0.34409,0.92473,1.0,0.61243,0.80249,0.65591,0.0,0.33333,0.92473,0.32131,0.2452,0.32144,0.24455,0.55495,0.0065048,0.00028056,0.0,0.0,0.0,0.0,0.039118,0.0073217,0.92491,0.0085874,0.00040656,0.0,0.0,0.0,0.0,0.92491,0.0092446,0.00044816,0.0,0.0,0.0,0.0,0.046977,0.0098111,0.045231,0.0092562,100.0,13.2069,25.3967,0.0,0.0,0.0,0.0,30.3594,39.315,100,12.2699,23.5352,0,0,0,0,100.0,11.9742,22.9207,0.0,0.0,0.0,0.0,28.5395,37.5796,28.9903,38.0328,0.090514,0.10039,1.1091,2.7744,3.0418,17.5723,71.8573,67.5023,48.6307,42745.1295,0.43254,22.2385,245.6904,,,26247.647,0.76022,287595.3711,10.957,221.5177,285.0,118.0252,155.6515,126.0,0.0,53.0,178.0,71.6913,53.2205,369,117.8381,157.2242,125,0,50,178.0,369.0,117.7791,157.7435,125.0,0.0,50.0,178.0,73.597,55.4842,73.1423,54.9385,1.0,0.38331,0.63264,0.335,0.001,0.082,0.6535,0.30919,0.24407,1.0,0.37812,0.62404,0.332,0.001,0.082,0.639,1.0,0.37648,0.6212,0.331,0.001,0.082,0.632,0.30289,0.24454,0.30441,0.24447,52.4391,36.1746,35.6615,37.9746,1.4906,28.1346,45.7791,11.3498,11.6645,133.2349,72.5295,71.2706,75.3969,1.4906,53.5834,92.0313,133.2349,84.002,83.0267,83.7322,52.4664,69.9175,96.0076,17.7593,17.2552,26.2247,26.0046,53.0582,34.8834,34.8758,36.8123,1.7951,26.4325,44.7912,11.763,12.0292,133.084,71.7949,70.8472,74.8793,1.7951,52.8011,91.5084,133.084,83.443,82.723,83.2637,49.6466,69.2499,95.5689,17.8693,17.3124,26.5683,26.238,1.1476,0.48572,0.54371,0.51324,0.0,0.36292,0.72583,0.23189,0.21034,1.5397,0.48221,0.54487,0.36292,0.0,0.36292,0.72583,1.5397,0.4811,0.54525,0.36292,0.0,0.36292,0.72583,0.23431,0.21742,0.23373,0.21569,23016.0,8338.8337,6897.9649,8786.5,593.0,4035.5,12238.5,4956.1463,3195.8714,23016,8599.4047,6896.0612,8541.5,1,4472.0,12618.0,22417.0,8681.6325,6895.4327,8522.5,1.0,4786.0,12870.0,4934.7586,3417.3819,4941.913,3363.7637,48.888,23.9545,27.6699,22.67,17.0651,19.8282,27.0558,5.2127,5.1072,66.6698,23.926,27.7547,22.5814,17.062,19.6982,26.8044,66.6698,23.917,27.7827,22.5552,17.062,19.6503,26.7052,5.5276,5.8134,5.4536,5.6466,47.7988,18.3219,30.2397,16.0126,0.047799,3.9195,31.2365,14.7788,11.6662,47.7988,17.7069,29.7134,15.1044,0.047799,3.5849,30.2088,47.7988,17.5128,29.5396,14.8654,0.047799,3.4893,29.8265,14.5135,11.8109,14.5812,11.779,,,,,,,,,,,,,,,,,,,,,,,,,,,,,,,,,,,,,,,,,,,,,,,,,,,,,,,,,,,,,,,,,,,,,,,,,,,,,,,,,,,,,,,,,,,,,,,,,,,,,,,,,,,,
3,1,III,17270.0,20-Jan-2022 17:11:56,1.0,0.661,0.82848,0.74194,0.0,0.41935,0.96774,0.3155,0.23225,1.0,0.64615,0.82047,0.72043,0.0,0.3871,0.95699,1.0,0.64156,0.81778,0.70968,0.0,0.37634,0.94624,0.31912,0.23724,0.31837,0.23604,0.55495,0.0077605,0.00032133,0.0,0.0,0.0,0.0,0.047246,0.009041,0.55495,0.0085047,0.00038881,0.0,0.0,0.0,0.0,0.55495,0.0087346,0.00041151,0.0,0.0,0.0,0.0,0.046274,0.0094545,0.046506,0.0093522,100.0,13.3121,24.5748,0.0,0.0,0.0,0.0,30.9759,39.3827,100,12.2676,23.517,0,0,0,0,100.0,11.9449,23.1611,0.0,0.0,0.0,0.0,29.2689,38.4413,29.6854,38.6853,0.11092,0.090246,0.81364,2.6674,2.921,20.1052,61.6957,66.7765,48.6307,43430.2341,0.58137,23.5268,212.1127,,,27903.7405,0.80819,336454.4572,12.0577,260.6968,311.0,119.3707,143.806,126.0,0.0,66.0,171.0,66.2273,54.4778,325,119.4487,150.5201,127,0,59,174.0,325.0,119.4728,152.7789,127.0,0.0,57.0,175.0,71.2744,55.8527,70.1141,55.6462,1.0,0.43472,0.66698,0.41,0.001,0.128,0.729,0.31779,0.24585,1.0,0.41691,0.65302,0.388,0.001,0.113,0.694,1.0,0.41141,0.64832,0.381,0.001,0.108,0.685,0.3118,0.24306,0.31337,0.2439,52.6131,36.4125,35.9406,38.2524,0.68173,28.2769,45.9515,11.3389,11.6756,132.2107,72.9008,71.2284,75.6135,0.68173,54.2514,92.4046,132.2107,84.1731,83.0997,84.0626,52.6186,70.0849,96.0511,17.719,17.315,26.1061,26.0301,53.4282,35.0713,35.2396,37.0353,1.3279,26.6341,44.9268,11.7605,11.9748,132.0449,72.131,70.8287,75.0051,1.3279,53.3258,91.8982,132.0449,83.5798,82.8013,83.5437,49.4241,69.4235,95.587,17.8548,17.3854,26.4669,26.2366,1.3085,0.50531,0.56471,0.51324,0.0,0.36292,0.72583,0.23796,0.2182,2.2075,0.49932,0.56355,0.51324,0.0,0.36292,0.72583,2.2075,0.49747,0.56316,0.51324,0.0,0.36292,0.72583,0.2449,0.2237,0.24329,0.22233,22809.0,8570.8646,6823.1588,8921.5,595.0,4081.5,12408.5,5122.7398,3452.6443,23923,8839.1362,6902.7538,8745.5,1,4426.0,13078.0,23923.0,8922.013,6929.5306,8681.5,1.0,4721.0,13246.0,5206.9075,3694.9881,5189.1609,3635.7981,49.7689,21.2572,24.7333,19.9111,14.0627,16.9957,24.2234,5.5213,5.5854,63.9609,20.9997,24.6012,19.5471,14.0566,16.7344,23.9189,63.9609,20.9201,24.5568,19.4347,14.0566,16.6521,23.7985,5.6077,5.9138,5.5891,5.8334,47.7988,20.779,31.8807,19.5975,0.047799,6.1182,34.8453,15.1901,11.7512,47.7988,19.482,31.0762,17.7334,0.047799,4.9233,32.79,47.7988,19.0813,30.8055,17.1598,0.047799,4.5409,32.2642,14.9576,11.7718,15.0297,11.7759,,,,,,,,,,,,,,,,,,,,,,,,,,,,,,,,,,,,,,,,,,,,,,,,,,,,,,,,,,,,,,,,,,,,,,,,,,,,,,,,,,,,,,,,,,,,,,,,,,,,,,,,,,,,
0,1,III,18383.0,27-Jan-2022 17:11:09,1.0,0.63743,0.81906,0.70968,0.0,0.36559,0.94624,0.3203,0.23977,1.0,0.62857,0.82026,0.68817,0.0,0.35484,0.94624,1.0,0.62584,0.82065,0.67742,0.0,0.35484,0.94624,0.32366,0.24027,0.3229,0.24015,0.37556,0.0080832,0.00043585,0.0,0.0,0.0,0.0,0.040806,0.0095002,0.56334,0.010378,0.00049323,0.0,0.0,0.0,0.0,0.56334,0.011084,0.00051185,0.0,0.0,0.0,0.0,0.051437,0.010566,0.04916,0.010315,100.0,12.1657,22.2484,0.0,0.0,0.0,0.0,29.4637,37.8463,100,11.1543,21.2385,0,0,0,0,100.0,10.8435,20.9109,0.0,0.0,0.0,0.0,27.801,36.9556,28.2054,37.1802,0.1241,0.10528,0.84835,2.7763,2.9871,18.3558,67.1652,67.8874,43.3324,43464.7157,0.52944,26.8891,216.6757,,,26737.49,0.7822,327877.4666,12.2628,255.4093,281.0,113.738,146.4742,121.0,1.0,53.0,169.0,67.4115,51.3126,329,111.0978,146.808,116,0,48,168.0,329.0,110.2864,146.9163,115.0,0.0,47.0,167.0,69.652,53.7267,69.1456,53.1459,1.0,0.39475,0.64313,0.355,0.001,0.08875,0.677,0.31316,0.24525,1.0,0.38828,0.64234,0.339,0.001,0.082,0.661,1.0,0.38629,0.64208,0.337,0.001,0.08,0.657,0.31422,0.2487,0.31398,0.24786,52.4676,36.45,35.8643,38.161,1.6389,28.3826,45.9439,11.1563,11.6039,133.3079,72.7262,71.3306,75.3705,1.6389,53.9831,92.1857,133.3079,83.8732,82.8367,83.6039,52.4689,69.7478,96.0976,17.749,17.295,25.9735,25.8246,53.4378,34.7827,34.9092,36.6832,1.4368,26.2265,44.7369,11.6631,12.0311,132.5933,71.7551,70.8002,74.6324,1.4368,52.8826,91.3642,132.5933,83.1161,82.444,82.9526,48.7515,68.8504,95.4947,17.9269,17.379,26.4171,26.1039,1.302,0.49061,0.55376,0.51068,0.0,0.3611,0.72221,0.24807,0.2272,1.8413,0.48791,0.56074,0.3611,0.0,0.3611,0.72221,1.8413,0.48709,0.56301,0.3611,0.0,0.3611,0.72221,0.25234,0.23195,0.25134,0.23083,26077.0,9266.7274,7525.1389,9242.0,593.0,4235.75,14329.25,5554.2618,3603.8149,27886,9642.1053,7606.6703,9502.0,1,4904.25,14135.75,27886.0,9757.4521,7633.1209,9778.5,1.0,5116.0,14084.0,5680.6244,3875.952,5654.8562,3811.3712,73.5254,28.0713,33.8697,25.5175,17.5013,21.4645,33.0583,8.4711,8.5695,86.3431,27.9949,34.2319,25.3963,17.5013,21.0601,32.6468,86.3431,27.9714,34.3494,25.3603,17.5063,20.927,32.5605,9.1017,9.6286,8.9574,9.3825,47.0863,18.5872,30.2827,16.7156,0.047086,4.1789,31.8774,14.7457,11.5479,47.0863,17.8359,30.0957,15.1147,0.047086,3.5315,30.7003,47.0863,17.6051,30.035,14.6909,0.047086,3.3431,30.4177,14.7934,11.8634,14.7877,11.7874,3.4797,1.7932,1.8094,1.8311,0.40181,1.4833,2.1112,0.4628,0.43556,4.9485,1.8605,1.8538,1.885,0.40181,3.8198,1.8301,1.8381,1.8655,0.39571,1.5005,2.164,0.49118,0.45496,5.8176,1.9031,1.8846,1.9213,0.39571,1.5457,2.2445,5.8176,1.9255,1.8997,1.9404,0.40736,1.561,2.274,0.53098,0.47231,0.52345,0.46887,1.5287,2.183,4.9485,1.8811,1.8682,1.9024,0.41185,1.5438,2.2116,0.49479,0.45098,0.48887,0.44796,2.4888,0.60691,0.59288,0.54612,0.28738,0.47367,0.67415,0.20945,0.17906,2.4888,0.58509,0.57843,0.53052,0.20208,2.5271,0.59842,0.58598,0.53606,0.2618,0.46212,0.66644,0.21417,0.18215,2.5271,0.57598,0.57131,0.52048,0.17189,0.44553,0.64696,2.4548,0.56909,0.56655,0.51535,0.17189,0.43975,0.64062,0.20021,0.17385,0.20395,0.17612,0.45808,0.65414,2.4281,0.57839,0.57375,0.52565,0.20208,0.45215,0.64776,0.19564,0.17091,0.19933,0.17314
1,1,III,17903.0,27-Jan-2022 17:11:09,1.0,0.64941,0.82876,0.72043,0.0,0.3871,0.95699,0.31475,0.2331,1.0,0.63961,0.82476,0.69892,0.0,0.37634,0.95699,1.0,0.63659,0.82346,0.69892,0.0,0.36559,0.95699,0.32003,0.23623,0.31883,0.23548,0.56334,0.0069152,0.00037576,0.0,0.0,0.0,0.0,0.039404,0.0089142,0.56334,0.0090414,0.00041769,0.0,0.0,0.0,0.0,0.56334,0.0096949,0.0004313,0.0,0.0,0.0,0.0,0.049318,0.0098225,0.047189,0.0096079,100.0,12.608,23.3112,0.0,0.0,0.0,0.0,30.2091,38.7093,100,11.7606,22.3062,0,0,0,0,100.0,11.5001,21.9799,0.0,0.0,0.0,0.0,28.8017,37.8977,29.1416,38.1025,0.11375,0.10171,0.89419,2.7804,2.9904,20.4835,59.9432,67.8874,48.3878,41729.2412,0.44768,24.7937,217.967,,,27454.7962,0.80318,334167.4886,12.1716,243.7586,287.0,111.9299,141.2579,115.0,0.0,53.0,166.0,67.2997,54.8654,328,111.6179,144.5312,115,0,50,168.0,328.0,111.522,145.5937,115.0,0.0,49.0,168.0,69.6216,55.1431,69.0811,55.1068,1.0,0.41318,0.66763,0.366,0.001,0.092,0.711,0.32428,0.24786,1.0,0.40682,0.66169,0.363,0.001,0.089,0.697,1.0,0.40486,0.65976,0.362,0.001,0.087,0.693,0.32135,0.24772,0.32205,0.24778,52.3293,36.1791,35.5598,37.8848,1.7891,28.0727,45.5489,11.1758,11.5583,132.9435,72.5576,71.2664,75.3099,1.7891,53.7777,91.9622,132.9435,83.7389,82.8563,83.5448,52.3335,69.6499,95.8756,17.7475,17.2034,26.0204,25.8845,53.1105,34.6598,34.6775,36.5965,1.4519,26.0951,44.5167,11.6415,11.9126,132.1239,71.679,70.782,74.5764,1.4519,52.7999,91.3735,132.1239,83.0572,82.501,83.019,48.156,68.8263,95.2646,17.8994,17.2735,26.4226,26.1369,1.302,0.49307,0.5553,0.51068,0.0,0.3611,0.72221,0.24268,0.22355,1.4889,0.48538,0.55465,0.3611,0.0,0.3611,0.72221,1.4889,0.48302,0.55444,0.3611,0.0,0.3611,0.72221,0.24775,0.22984,0.2466,0.22832,25250.0,8997.7529,7402.3604,9137.0,595.0,4184.75,12714.25,5365.9607,3477.47,27219,9340.1419,7439.4723,9237.0,1,4760.25,13731.75,27219.0,9445.3789,7451.5183,9348.5,1.0,5002.0,13766.0,5464.9211,3724.6155,5444.9782,3665.656,82.627,34.8311,41.7812,31.9074,22.0104,26.6611,40.8508,10.2665,10.2667,113.1022,34.7623,42.0732,31.6921,22.0043,26.3093,40.6349,113.1022,34.7412,42.168,31.6345,22.0043,26.1991,40.548,10.9151,11.3446,10.7659,11.0914,47.0863,19.4551,31.4362,17.2336,0.047086,4.3319,33.4784,15.2692,11.6709,47.0863,18.6654,30.995,16.0093,0.047086,3.8611,32.3954,47.0863,18.4227,30.8517,15.6326,0.047086,3.7198,32.0187,15.1325,11.8383,15.1707,11.8002,4.602,2.2046,2.2358,2.251,0.65385,1.815,2.5986,0.56116,0.53487,7.4941,2.294,2.3034,2.3077,0.5002,4.7901,2.2173,2.2462,2.2603,0.64169,1.81,2.6209,0.58248,0.55077,7.9907,2.3116,2.3163,2.3198,0.48692,1.8863,2.7222,7.9907,2.3405,2.3391,2.3407,0.48692,1.9127,2.7561,0.64424,0.59478,0.63241,0.58567,1.8898,2.6912,7.4941,2.3215,2.3253,2.329,0.5002,1.9152,2.723,0.61466,0.57553,0.60453,0.56714,1.5294,0.49121,0.47928,0.44424,0.2173,0.38482,0.55097,0.15926,0.14266,1.9992,0.4733,0.46619,0.43334,0.13344,1.5584,0.49085,0.47874,0.44242,0.20876,0.38154,0.55248,0.16424,0.14619,2.0537,0.47236,0.46533,0.43108,0.12515,0.36735,0.53015,2.0537,0.46668,0.46098,0.42723,0.12515,0.36283,0.52283,0.15992,0.14241,0.16127,0.14355,0.37158,0.52915,1.9992,0.4678,0.46194,0.42937,0.13344,0.36724,0.52215,0.15494,0.13894,0.15628,0.14006
2,1,III,17756.0,27-Jan-2022 17:11:09,1.0,0.6119,0.80022,0.65591,0.0,0.34409,0.92473,0.32121,0.24374,1.0,0.60272,0.80202,0.65591,0.0,0.32258,0.92473,1.0,0.59988,0.80262,0.64516,0.0,0.31183,0.91398,0.3265,0.24233,0.32529,0.24269,0.56334,0.0076582,0.00032895,0.0,0.0,0.0,0.0,0.044934,0.0082393,0.93891,0.010872,0.00041398,0.0,0.0,0.0,0.0,0.93891,0.011865,0.00044212,0.0,0.0,0.0,0.0,0.057211,0.010179,0.054589,0.0097329,100.0,12.762,24.6279,0.0,0.0,0.0,0.0,30.2887,39.1657,100,11.6864,22.6732,0,0,0,0,100.0,11.3538,22.026,0.0,0.0,0.0,0.0,28.3933,37.6063,28.8574,38.0168,0.11367,0.11999,1.0556,2.7892,3.2445,19.3697,64.2764,67.8874,51.2767,41303.7531,0.32016,26.7826,235.6086,,,27057.4808,0.79156,317496.0698,11.7341,223.2073,289.0,121.5538,159.4369,126.0,0.0,53.0,186.0,74.7952,56.4047,349,118.908,160.0694,124,0,48,183.0,349.0,118.0901,160.2788,123.0,0.0,47.0,182.0,76.219,57.2851,75.8974,57.0686,1.0,0.39999,0.65459,0.353,0.001,0.084,0.687,0.31916,0.24361,1.0,0.38859,0.64596,0.341,0.001,0.077,0.667,1.0,0.38506,0.64311,0.339,0.001,0.075,0.659,0.31478,0.24604,0.31588,0.24549,52.3817,36.209,35.5282,38.0092,1.9411,28.2026,45.682,11.1683,11.6153,134.1147,72.497,71.0028,75.1331,1.9411,53.7153,92.0241,134.1147,83.7154,82.7478,83.3467,52.3862,69.5569,95.9236,17.7433,17.2189,26.02,25.9412,53.3125,34.6434,34.7242,36.4168,2.2783,26.2651,44.5419,11.645,11.9762,133.6475,71.5641,70.5505,74.4815,2.2783,52.7984,91.3727,133.6475,82.9781,82.4118,82.6992,48.5374,68.6963,95.2954,17.9008,17.295,26.4238,26.179,1.302,0.49384,0.56302,0.51068,0.0,0.3611,0.72221,0.24488,0.22864,1.4444,0.48543,0.56403,0.3611,0.0,0.3611,0.72221,1.4444,0.48283,0.56436,0.3611,0.0,0.3611,0.72221,0.24982,0.23491,0.2487,0.23336,25563.0,8975.6361,7113.188,9127.0,544.0,4175.75,12669.25,5363.5412,3386.5186,28863,9487.0993,7213.2012,9375.5,1,4935.5,13841.5,28863.0,9645.2182,7246.3137,9666.0,1.0,5175.25,13880.75,5459.2719,3601.2389,5444.1003,3549.5118,73.401,30.4597,35.83,28.4756,20.5044,24.3085,34.8411,7.8196,7.8572,83.8132,30.3687,36.1697,28.1599,20.501,23.9211,34.494,83.8132,30.3406,36.2822,28.0503,20.501,23.8109,34.3807,8.4202,8.9247,8.2822,8.6736,47.0863,18.834,30.8222,16.6215,0.047086,3.9552,32.3483,15.028,11.4706,47.0863,17.8811,30.2806,15.1618,0.047086,3.3431,30.9828,47.0863,17.5864,30.1013,14.6909,0.047086,3.2019,30.559,14.836,11.7353,14.8906,11.6742,4.9563,2.0146,1.9584,2.0067,0.54998,1.5948,2.3866,0.59358,0.50449,7.4532,2.0671,1.9918,2.0535,0.46671,5.8188,2.0625,1.9887,2.0438,0.54581,1.6101,2.453,0.64299,0.52781,10.4,2.1218,2.0239,2.0944,0.46188,1.6553,2.5107,10.4,2.1401,2.0356,2.1101,0.46188,1.6728,2.533,0.70719,0.55502,0.69333,0.54875,1.6393,2.4471,7.4532,2.0833,2.0029,2.07,0.46671,1.6535,2.4644,0.64097,0.52967,0.63076,0.52387,1.8182,0.54724,0.55113,0.49832,0.20176,0.419,0.62705,0.19161,0.1685,2.1427,0.53636,0.54405,0.48698,0.13417,1.8321,0.53905,0.54501,0.48928,0.17186,0.40766,0.62108,0.19557,0.17099,2.1651,0.52769,0.5378,0.47747,0.096154,0.39829,0.60412,2.1651,0.52417,0.53542,0.47391,0.096154,0.39479,0.59779,0.19801,0.1754,0.19753,0.17436,0.40865,0.61003,2.1427,0.533,0.54171,0.48309,0.13417,0.40578,0.60476,0.19379,0.17286,0.19337,0.17183
3,1,III,18769.0,27-Jan-2022 17:11:09,1.0,0.6221,0.80758,0.68817,0.0,0.34409,0.93548,0.32515,0.24401,1.0,0.60945,0.80872,0.66667,0.0,0.32258,0.92473,1.0,0.60558,0.80911,0.66667,0.0,0.32258,0.92473,0.32829,0.24146,0.32762,0.2421,0.93891,0.015332,0.0006523,0.0,0.0,0.0,0.0,0.06819,0.012804,1.3145,0.018669,0.00080275,0.0,0.0,0.0,0.0,1.3145,0.01969,0.00085335,0.0,0.0,0.0,0.0,0.084078,0.015422,0.080656,0.014807,100.0,11.7539,24.6794,0.0,0.0,0.0,0.0,28.7742,38.4888,100,10.806,24.0773,0,0,0,0,100.0,10.5159,23.8748,0.0,0.0,0.0,0.0,27.3096,38.1168,27.6638,38.2123,0.22828,0.21908,0.9597,2.6459,2.8053,16.8496,51.9989,65.7208,35.3881,40577.6929,0.28101,50.8315,222.6729,,,26446.447,0.77369,317042.3934,11.9881,232.0225,276.0,116.2809,148.9494,125.0,0.0,60.0,168.0,66.9094,49.9978,315,110.7066,149.6954,119,0,47,166.0,315.0,109.0013,149.9462,116.0,0.0,44.0,165.0,69.9332,51.8246,69.3036,51.3728,1.0,0.38536,0.61936,0.348,0.001,0.099,0.64,0.30032,0.24289,1.0,0.36782,0.61642,0.316,0.001,0.075,0.623,1.0,0.36245,0.61543,0.306,0.001,0.07,0.616,0.30228,0.24607,0.30197,0.24528,52.6352,36.6675,35.595,38.4738,0.94463,28.6954,46.2381,11.232,11.8599,133.97,72.997,70.9767,75.6095,0.94463,54.3658,92.2659,133.97,84.1118,82.8747,83.8584,52.6424,69.847,96.3433,17.8031,17.0339,26.0011,25.952,53.6865,35.0033,35.2848,36.7893,2.0884,26.43,44.8099,11.6587,11.9386,132.9978,71.968,70.7836,74.7768,2.0884,53.0694,91.5574,132.9978,83.277,82.7211,83.1422,45.8299,68.9254,95.5163,18.0104,17.0713,26.4249,26.0331,1.6149,0.51115,0.59783,0.51068,0.0,0.3611,0.72221,0.26378,0.24462,1.6149,0.49691,0.59122,0.51068,0.0,0.3611,0.72221,1.6149,0.49255,0.589,0.3611,0.0,0.3611,0.72221,0.26097,0.24187,0.26174,0.2426,39080.0,9409.189,6340.0366,9228.0,593.0,4198.75,14318.25,5980.5031,3737.5727,53954,10005.1067,6408.9619,9396.0,1,4700.75,14199.25,53954.0,10187.423,6432.14,9608.5,1.0,4931.5,14151.5,7030.6026,4000.6485,6806.9918,3936.3036,64.7595,20.5396,24.8467,19.1894,12.0604,15.4189,24.0878,6.5215,6.6604,64.7595,20.1699,24.852,18.4758,12.0555,15.0318,23.6848,64.7102,20.0568,24.8538,18.2715,12.0555,14.921,23.539,6.6877,7.014,6.6521,6.9267,47.0863,18.1452,29.1633,16.386,0.047086,4.6615,30.1352,14.1411,11.4366,47.0863,16.8918,28.8864,14.1259,0.047086,3.2019,28.911,47.0863,16.5083,28.7933,13.4667,0.047086,2.9193,28.4166,14.2414,11.7306,14.2345,11.6585,24.1818,2.7945,2.4349,2.5846,0.37617,1.9387,3.2714,1.4582,0.83952,33.6757,2.9261,2.4998,2.6567,0.37617,24.1818,2.7945,2.4349,2.5846,0.37617,1.9387,3.2714,1.4582,0.83952,33.6757,2.9261,2.4998,2.6567,0.37617,2.0014,3.4122,33.6757,2.9663,2.5217,2.6853,0.4137,2.0197,3.4599,1.6938,0.89522,1.6432,0.88234,2.0014,3.4122,33.6757,2.9663,2.5217,2.6853,0.4137,2.0197,3.4599,1.6938,0.89522,1.6432,0.88234,2.6584,0.44158,0.46735,0.38691,0.041353,0.30568,0.51582,0.2266,0.19278,2.6584,0.42504,0.45605,0.3764,0.029695,2.6584,0.44158,0.46735,0.38691,0.041353,0.30568,0.51582,0.2266,0.19278,2.6584,0.42504,0.45605,0.3764,0.029695,0.29306,0.49965,2.4172,0.41998,0.45225,0.3724,0.029695,0.28902,0.49511,0.2101,0.1858,0.21427,0.1877,0.29306,0.49965,2.4172,0.41998,0.45225,0.3724,0.029695,0.28902,0.49511,0.2101,0.1858,0.21427,0.1877
0,1,II,10209.0,15-Dec-2021 15:10:22,,,,,,,,,,,,,,,,,,,,,,,,,,,,,,,,,,,,,,,,,,,,,,,,,,,,,,,100.0,11.1662,25.5286,0.0,0.0,0.0,9.25,21.8121,30.3796,100,10.7367,25.0257,0,0,0,4,100.0,10.6038,24.8681,0.0,0.0,0.0,3.0,21.5396,30.5321,21.6046,30.4971,0.077694,0.088167,1.1348,,,,,,,45447.0208,0.47271,19.9092,256.2515,,,14292.7935,0.41813,105858.1719,7.4064,225.8131,246.0,92.7169,140.7578,89.0,1.0,39.0,141.0,61.0461,49.0079,313,91.8686,143.1235,86,1,36,142.0,313.0,91.6061,143.8646,85.0,1.0,35.0,142.0,63.5244,51.1617,62.9462,50.6735,0.984,0.22225,0.39988,0.167,0.001,0.058,0.339,0.19874,0.21235,1.0,0.22787,0.40962,0.17,0.001,0.056,0.347,1.0,0.22961,0.41266,0.17,0.001,0.056,0.3525,0.20832,0.21391,0.20611,0.21361,52.3555,35.4123,34.9824,37.5922,1.9422,26.6523,45.1795,11.9137,12.1807,131.1149,72.2238,71.6354,75.3528,1.9422,53.836,91.6086,131.1149,83.6176,83.1176,83.3455,52.3689,69.627,95.56,17.6601,17.3788,26.2899,26.1959,52.5841,34.8138,34.6389,37.1152,1.5344,25.9847,44.8212,12.1957,12.3386,130.925,71.8976,71.446,74.9869,1.5344,53.5582,91.4599,130.925,83.3757,82.9764,83.1527,51.1291,69.3113,95.4486,17.7093,17.4073,26.4636,26.2955,1.3511,0.48652,0.51467,0.51068,0.0,0.3611,0.62545,0.19436,0.18303,1.8413,0.48708,0.51555,0.51068,0.0,0.3611,0.62545,1.8413,0.48726,0.51582,0.51068,0.0,0.3611,0.62545,0.20109,0.18706,0.19951,0.18611,31028.0,5446.4318,4430.8628,4551.0,596.0,1955.5,7196.25,3509.9528,2424.7334,31028,5612.1045,4533.7056,5298.0,1,2719.75,7930.25,24434.0,5663.3831,4565.9229,5365.5,1.0,2740.5,8023.5,3663.0616,2634.9845,3628.4572,2587.0242,54.5457,21.5307,25.0769,20.4321,12.6143,17.3461,24.5905,5.7709,6.0305,62.117,21.8208,25.5221,20.6564,12.6032,17.2508,25.0049,62.117,21.9106,25.6616,20.7082,12.6032,17.2285,25.1534,6.3422,6.4465,6.2137,6.3546,46.3329,10.4648,18.829,7.8634,0.047086,2.731,15.9623,9.3577,9.999,46.3329,10.3691,19.1163,7.5338,0.047086,2.4956,15.9152,45.297,10.3395,19.2063,7.4161,0.047086,2.4249,15.9152,9.5755,10.0921,9.5241,10.0713,12.2744,1.3857,1.3957,1.1948,0.17415,0.92544,1.5419,0.93395,0.74254,22.007,1.4165,1.4131,1.2057,0.15483,12.2744,1.3857,1.3957,1.1948,0.17415,0.92544,1.5419,0.93395,0.74254,22.007,1.4165,1.4131,1.2057,0.15483,0.927,1.5916,22.007,1.4261,1.4186,1.2082,0.15483,0.9271,1.6075,1.0195,0.80485,1.0,0.79049,0.927,1.5916,22.007,1.4261,1.4186,1.2082,0.15483,0.9271,1.6075,1.0195,0.80485,1.0,0.79049,5.7421,0.90053,0.835,0.83696,0.081471,0.64855,1.0806,0.41178,0.30507,6.4586,0.88984,0.82716,0.8294,0.04544,5.7421,0.90053,0.835,0.83696,0.081471,0.64855,1.0806,0.41178,0.30507,6.4586,0.88984,0.82716,0.8294,0.04544,0.6283,1.0788,6.4586,0.88653,0.82471,0.82765,0.04544,0.62209,1.0786,0.41735,0.3017,0.41606,0.30254,0.6283,1.0788,6.4586,0.88653,0.82471,0.82765,0.04544,0.62209,1.0786,0.41735,0.3017,0.41606,0.30254
1,1,II,9280.0,15-Dec-2021 15:10:22,,,,,,,,,,,,,,,,,,,,,,,,,,,,,,,,,,,,,,,,,,,,,,,,,,,,,,,98.0,9.8526,23.895,0.0,0.0,0.0,8.0,19.6109,28.3674,100,8.9737,22.6261,0,0,0,4,100.0,8.6954,22.201,0.0,0.0,0.0,3.0,18.4902,27.9656,18.7713,28.0766,0.21057,0.25817,1.226,,,,,,,45425.4352,0.57855,56.0736,266.2893,,,10858.825,0.31767,75377.0036,6.9415,217.1978,270.0,83.4763,139.5324,74.0,1.0,27.0,131.0,62.34,52.8697,288,80.1022,136.3547,70,1,26,125.0,288.0,79.0336,135.29,68.0,1.0,26.0,123.0,60.5266,53.335,60.9939,53.2504,0.906,0.17999,0.35088,0.128,0.001,0.036,0.275,0.17542,0.19538,0.985,0.17852,0.34985,0.123,0.001,0.036,0.2685,0.985,0.17805,0.34951,0.121,0.001,0.036,0.267,0.17771,0.20031,0.17716,0.19908,52.2291,35.8522,35.5861,38.1313,2.5311,27.674,45.8069,11.761,11.8049,135.038,71.8563,70.573,74.1085,2.5311,53.4052,91.497,135.038,83.2583,82.2949,82.5414,52.2792,68.9609,95.6578,17.8777,17.3941,26.2021,25.9174,52.4162,35.3273,35.326,37.8058,2.7915,27.2073,45.4236,11.8648,11.8796,134.0615,71.4663,70.3793,73.789,2.7915,52.7279,91.0364,134.0615,82.911,82.1235,82.2388,47.1737,68.728,95.3863,17.953,17.4341,26.311,25.9761,1.4444,0.48549,0.51378,0.51068,0.0,0.3611,0.62545,0.19333,0.18583,1.6548,0.48237,0.51456,0.51068,0.0,0.3611,0.62545,1.6548,0.48139,0.51482,0.51068,0.0,0.3611,0.62545,0.19921,0.1871,0.19781,0.18678,31439.0,5258.03,4177.5923,4338.5,545.0,1800.5,6955.5,3837.3345,2645.774,47846,6081.3348,4532.6718,4970.5,1,2564.5,7643.5,47846.0,6342.0636,4651.637,5117.5,1.0,2622.5,7838.0,6726.2601,4365.6313,6173.7273,4009.336,41.7278,15.457,18.2236,14.7102,9.5414,12.504,17.5491,4.1604,4.4334,61.5985,15.6384,18.4209,14.7517,9.5363,12.503,17.6944,61.5985,15.6958,18.4869,14.7633,9.5363,12.5027,17.7635,4.4598,4.6766,4.3906,4.6182,42.6602,8.4751,16.5216,6.027,0.047086,1.6951,12.9487,8.2598,9.1997,44.4024,8.1225,16.3213,5.462,0.047086,1.6009,12.2424,44.4024,8.0109,16.2542,5.2737,0.047086,1.6009,12.0541,8.1268,9.4247,8.161,9.3695,3.3477,0.26436,0.2781,0.22398,0.076508,0.1781,0.29135,0.19237,0.14791,38.194,0.34193,0.30863,0.23345,0.064197,3.3477,0.26436,0.2781,0.22398,0.076508,0.1781,0.29135,0.19237,0.14791,38.194,0.34193,0.30863,0.23345,0.064197,0.18155,0.30832,38.194,0.3665,0.31886,0.23675,0.064197,0.1828,0.3145,1.2067,0.6726,1.0567,0.58708,0.18155,0.30832,38.194,0.3665,0.31886,0.23675,0.064197,0.1828,0.3145,1.2067,0.6726,1.0567,0.58708,13.0706,4.6072,4.1219,4.4646,0.29871,3.4324,5.6148,1.7432,1.3241,15.5771,4.4399,4.0389,4.2835,0.026182,13.0706,4.6072,4.1219,4.4646,0.29871,3.4324,5.6148,1.7432,1.3241,15.5771,4.4399,4.0389,4.2835,0.026182,3.2434,5.5081,15.5771,4.3869,4.0111,4.2239,0.026182,3.1797,5.4703,1.8784,1.402,1.8491,1.3837,3.2434,5.5081,15.5771,4.3869,4.0111,4.2239,0.026182,3.1797,5.4703,1.8784,1.402,1.8491,1.3837
2,1,II,9251.0,15-Dec-2021 15:10:22,,,,,,,,,,,,,,,,,,,,,,,,,,,,,,,,,,,,,,,,,,,,,,,,,,,,,,,96.0,7.8401,19.9142,0.0,0.0,0.0,5.0,16.4752,25.7978,100,7.3952,19.4479,0,0,0,2,100.0,7.2557,19.2956,0.0,0.0,0.0,1.0,16.1875,25.5881,16.2577,25.6412,0.23425,0.2769,1.1821,,,,,,,44734.5278,0.53323,60.783,259.4771,,,8920.755,0.26097,65178.7725,7.3064,219.5098,280.0,73.3184,126.5072,62.0,1.0,24.0,112.0,56.7952,52.4278,280,71.3916,127.2154,59,1,22,110.75,277.0,70.7876,127.4466,58.0,1.0,21.0,109.0,57.6477,54.5651,57.4524,54.0484,0.925,0.1543,0.31592,0.106,0.001,0.031,0.23,0.15795,0.19578,0.979,0.15373,0.31797,0.101,0.001,0.03,0.229,0.979,0.15355,0.31864,0.1,0.001,0.029,0.228,0.16104,0.19382,0.1603,0.19431,52.6906,35.816,36.1064,37.6908,2.6487,27.1331,45.9517,11.8469,11.5804,148.5037,72.4844,71.8621,75.2023,2.6487,53.9728,91.95,148.5037,83.98,83.5356,83.579,52.6997,70.1676,96.3228,17.7594,17.2559,26.366,25.9785,53.0927,35.2116,35.7569,37.1892,1.681,26.2978,45.4398,12.0495,11.6937,145.0962,72.0243,71.6011,74.5976,1.681,53.4377,91.5773,145.0962,83.5651,83.3036,83.2941,46.1886,69.8018,95.9316,17.7818,17.2624,26.4623,26.034,1.4444,0.48612,0.50179,0.51068,0.0,0.3611,0.51068,0.19437,0.18458,1.8055,0.48175,0.50296,0.51068,0.0,0.3611,0.62545,1.8055,0.48038,0.50334,0.51068,0.0,0.3611,0.62545,0.21237,0.19727,0.20822,0.19423,36422.0,5631.3904,4829.4833,4507.5,542.0,3346.5,7088.5,4280.7394,3061.2894,53977,6760.06,5331.1383,5403.0,1,2933.25,8029.75,53977.0,7113.901,5494.9197,5466.0,1.0,2910.25,8180.5,7908.9794,5495.7055,7238.2477,5015.7566,44.4428,16.1989,19.345,15.2126,10.0469,12.7667,18.5288,4.5532,5.0732,53.3687,16.2209,19.3447,15.2143,10.041,12.8956,18.4672,53.3687,16.2278,19.3446,15.2159,10.041,12.9321,18.4399,4.5086,4.8975,4.519,4.9413,43.5548,7.2655,14.8756,4.9911,0.047086,1.4597,10.8298,7.4375,9.2185,46.0975,7.0456,14.8618,4.5203,0.047086,1.3184,10.4061,46.0975,6.9767,14.8573,4.4261,0.047086,1.3184,10.2648,7.4154,9.1163,7.4213,9.1416,4.2797,0.35884,0.36683,0.29138,0.074516,0.21822,0.40662,0.28456,0.24328,6.2077,0.37297,0.37204,0.2942,0.074516,4.2797,0.35884,0.36683,0.29138,0.074516,0.21822,0.40662,0.28456,0.24328,6.2077,0.37297,0.37204,0.2942,0.074516,0.21593,0.41736,6.2077,0.3774,0.37374,0.29547,0.079096,0.21547,0.42129,0.3297,0.2536,0.31959,0.25112,0.21593,0.41736,6.2077,0.3774,0.37374,0.29547,0.079096,0.21547,0.42129,0.3297,0.2536,0.31959,0.25112,13.4199,3.7032,3.3281,3.432,0.23366,2.4593,4.5826,1.7631,1.3404,13.4199,3.6647,3.3227,3.399,0.16109,13.4199,3.7032,3.3281,3.432,0.23366,2.4593,4.5826,1.7631,1.3404,13.4199,3.6647,3.3227,3.399,0.16109,2.396,4.6311,12.6429,3.6526,3.3209,3.3845,0.16109,2.3737,4.6411,1.8038,1.3738,1.7942,1.3656,2.396,4.6311,12.6429,3.6526,3.3209,3.3845,0.16109,2.3737,4.6411,1.8038,1.3738,1.7942,1.3656
3,1,II,10413.0,15-Dec-2021 15:10:22,,,,,,,,,,,,,,,,,,,,,,,,,,,,,,,,,,,,,,,,,,,,,,,,,,,,,,,100.0,15.9547,31.9172,0.0,0.0,0.0,19.0,29.1638,36.7925,100,14.839,31.2499,0,0,0,10,100.0,14.4881,31.0239,0.0,0.0,0.0,7.0,28.0175,37.1914,28.3016,37.0929,0.13741,0.18271,1.3297,,,,,,,46365.5203,0.65908,38.4982,280.1703,,,20148.5997,0.58944,146937.8047,7.2927,210.7091,267.0,112.7231,152.8081,124.0,1.0,59.0,163.0,63.6339,42.1943,278,106.9655,150.2585,114,1,49,159.0,278.0,105.1541,149.3948,110.0,1.0,47.0,158.0,64.5969,45.6675,64.4457,44.8387,0.984,0.31686,0.50602,0.284,0.001,0.094,0.496,0.24487,0.2171,1.0,0.31098,0.51357,0.265,0.001,0.083,0.497,1.0,0.30913,0.51613,0.257,0.001,0.08,0.498,0.25547,0.23165,0.25298,0.2281,52.1623,35.3413,35.4245,37.1468,1.4907,26.8375,45.2207,11.809,11.9394,133.7053,71.9439,70.1476,74.9711,1.4907,53.4366,91.4151,133.7053,83.4593,81.91,83.4258,52.1802,69.3377,95.407,17.6549,17.0062,26.3057,25.7008,52.3641,34.7371,35.196,36.65,1.022,26.2163,44.8826,12.0878,12.0601,133.604,71.5954,70.0197,74.7029,1.022,53.119,91.0883,133.604,83.1913,81.8163,83.1878,48.6285,69.0947,95.1679,17.7075,17.0234,26.4747,25.7696,1.302,0.48418,0.52292,0.51068,0.0,0.3611,0.62545,0.19546,0.19028,1.302,0.48067,0.52134,0.51068,0.0,0.3611,0.62545,1.302,0.47956,0.5208,0.51068,0.0,0.3611,0.62545,0.19542,0.1888,0.19543,0.18918,20509.0,5469.7592,4011.7691,4604.5,648.0,1996.5,7255.5,3437.3835,2305.8956,40335,5782.7341,4113.8367,5237.0,1,2624.75,7925.25,40335.0,5881.1981,4148.4122,5298.0,1.0,2656.75,8003.25,4706.2825,2800.5002,4439.0957,2684.6328,56.6863,23.2171,26.6765,22.4718,13.1027,18.9377,26.5583,6.0244,5.8236,79.0712,23.5653,27.4869,22.5452,13.08,18.763,27.1391,79.0712,23.6748,27.7615,22.56,13.08,18.7111,27.3598,6.7558,6.6259,6.5908,6.4496,46.3329,14.9199,23.8266,13.3725,0.047086,4.4261,23.3548,11.53,10.2224,47.0863,14.111,23.9741,11.5832,0.047086,3.5786,22.6956,47.0863,13.8565,24.0241,10.8769,0.047086,3.3784,22.4602,11.8703,11.0258,11.7979,10.8285,6.101,0.95848,0.9696,0.86836,0.26214,0.71219,1.0807,0.45576,0.36051,12.2407,0.98496,0.9968,0.87459,0.14707,6.101,0.95848,0.9696,0.86836,0.26214,0.71219,1.0807,0.45576,0.36051,12.2407,0.98496,0.9968,0.87459,0.14707,0.70956,1.0972,12.2407,0.9933,1.006,0.87797,0.14707,0.70922,1.1039,0.58596,0.44122,0.55776,0.42255,0.70956,1.0972,12.2407,0.9933,1.006,0.87797,0.14707,0.70922,1.1039,0.58596,0.44122,0.55776,0.42255,3.8147,1.2012,1.1302,1.1516,0.16391,0.92534,1.4041,0.43243,0.32497,6.7996,1.1955,1.1103,1.1434,0.081695,3.8147,1.2012,1.1302,1.1516,0.16391,0.92534,1.4041,0.43243,0.32497,6.7996,1.1955,1.1103,1.1434,0.081695,0.91141,1.4093,6.7996,1.1937,1.1035,1.139,0.081695,0.90589,1.41,0.47572,0.32766,0.46572,0.32719,0.91141,1.4093,6.7996,1.1937,1.1035,1.139,0.081695,0.90589,1.41,0.47572,0.32766,0.46572,0.32719
0,1,II,4877.0,19-Jan-2022 17:43:20,1.0,0.58135,0.77255,0.60215,0.0,0.3871,0.7957,0.26689,0.21993,1.0,0.54438,0.75455,0.55914,0.0,0.33333,0.76613,1.0,0.5334,0.74786,0.53763,0.0,0.31183,0.75269,0.27315,0.23453,0.27245,0.23093,0.56334,0.066741,0.021881,0.0,0.0,0.0,0.18778,0.11128,0.064694,0.93891,0.09133,0.025657,0.0,0.0,0.0,0.18778,0.93891,0.098635,0.027059,0.0,0.0,0.0,0.18778,0.16498,0.081699,0.15491,0.077499,76.0,5.0,13.7487,0.0,0.0,0.0,3.0,11.2302,18.7031,76,3.8971,12.1503,0,0,0,0,75.0,3.5694,11.5569,0.0,0.0,0.0,0.0,9.6109,17.5295,10.0218,17.8814,0.2403,0.25062,1.0429,2.7238,2.7321,3.2385,18.7774,67.8874,43.3324,43023.1401,0.28397,57.4364,239.0203,,,2478.299,0.072502,19063.9202,7.6923,229.1804,234.0,50.1817,103.2414,36.0,1.0,12.0,74.0,47.2938,52.0179,241,44.6793,98.3936,29,1,10,66.0,241.0,43.0447,96.5937,28.0,1.0,10.0,63.0,43.7918,52.1107,44.7139,52.1693,0.787,0.098136,0.23474,0.055,0.001,0.01475,0.14,0.11584,0.15477,0.787,0.085631,0.21501,0.042,0.001,0.012,0.12,0.694,0.081915,0.20769,0.04,0.001,0.011,0.113,0.10307,0.14252,0.10634,0.14644,52.9432,35.4604,35.7498,38.8034,3.3755,25.9042,45.2212,12.3127,11.9466,137.8269,72.5805,69.2062,74.5784,3.3755,55.6306,90.8532,137.8269,83.6079,81.6274,82.5865,52.9911,69.97,94.9352,18.0314,17.2134,26.3585,25.8899,53.6723,35.0275,35.7124,37.4824,4.4726,26.0515,45.1184,12.2763,11.8968,135.6599,71.7769,68.9644,73.7058,4.4726,54.576,90.0109,135.6599,82.6942,81.3098,81.8715,43.4943,69.2091,94.2287,18.0928,17.1933,26.2324,25.776,1.1419,0.46415,0.47081,0.3611,0.0,0.3611,0.51068,0.21498,0.1926,1.4889,0.44878,0.46971,0.3611,0.0,0.3611,0.51068,1.4889,0.44421,0.4693,0.3611,0.0,0.3611,0.51068,0.23256,0.21305,0.22879,0.20771,39342.0,6059.4432,5086.3489,4660.0,546.0,3613.75,7109.25,4896.5592,3217.5429,45603,9184.6098,6315.2338,6109.0,2,3613.75,9511.5,45603.0,10113.017,6771.478,6282.5,2.0,3616.5,10640.0,10655.2179,6966.4359,9793.6133,6225.3622,29.1834,9.1753,11.5558,8.4728,5.7201,7.0934,10.2918,3.0072,3.8076,29.1834,8.9364,11.2052,8.2515,5.7169,6.9628,10.127,27.5777,8.8655,11.075,8.1771,5.7169,6.9231,10.0668,2.6814,3.178,2.7621,3.3669,37.0569,4.6209,11.0531,2.5897,0.047086,0.69452,6.5921,5.4543,7.2878,37.0569,3.9089,10.0348,1.9305,0.047086,0.56504,5.462,32.6779,3.6975,9.6567,1.7893,0.047086,0.51795,5.0853,4.6947,6.681,4.8939,6.8787,,,,,,,,,,,,,,,,,,,,,,,,,,,,,,,,,,,,,,,,,,,,,,,,,,,,,,,,,,,,,,,,,,,,,,,,,,,,,,,,,,,,,,,,,,,,,,,,,,,,,,,,,,,,
1,1,II,5358.0,19-Jan-2022 17:43:20,1.0,0.58607,0.76849,0.60215,0.0,0.3871,0.80645,0.2612,0.22604,1.0,0.58469,0.76161,0.60215,0.0,0.3871,0.7957,1.0,0.58425,0.75934,0.60215,0.0,0.3871,0.7957,0.25965,0.22891,0.26,0.22823,0.93891,0.083635,0.023158,0.0,0.0,0.0,0.18778,0.1511,0.071034,0.93891,0.081309,0.024097,0.0,0.0,0.0,0.18778,0.93891,0.080564,0.024406,0.0,0.0,0.0,0.18778,0.13139,0.071662,0.13642,0.071509,77.0,4.1954,11.2102,0.0,0.0,0.0,0.0,10.2009,17.1868,81,3.8847,10.9286,0,0,0,0,81.0,3.7851,10.8357,0.0,0.0,0.0,0.0,10.0076,17.5348,10.0554,17.45,0.25544,0.22031,0.8625,2.8101,2.7049,3.4375,66.443,70.054,70.7763,45079.5883,0.50606,56.8339,222.4972,,,2714.0543,0.079399,24024.8846,8.852,257.9678,227.0,50.48,103.8897,33.0,1.0,12.0,78.0,47.6517,51.6947,261,50.1616,103.3227,35,1,13,75.0,261.0,50.0596,103.1359,36.0,1.0,13.0,74.0,47.1361,53.6182,47.2576,53.1489,0.694,0.09728,0.22795,0.05,0.001,0.015,0.144,0.11279,0.14304,0.816,0.0971,0.22664,0.053,0.001,0.015,0.14,0.816,0.097043,0.22621,0.054,0.001,0.015,0.138,0.11405,0.14899,0.11373,0.14754,52.5245,35.4774,34.5429,38.1376,3.8308,26.4724,45.4311,12.1565,12.8809,144.2615,71.4157,70.2059,72.864,3.8308,53.2247,89.8535,144.2615,82.9287,81.958,81.4229,52.5275,68.1575,95.7972,18.6002,17.691,26.6773,26.375,53.3299,34.5049,33.8561,37.277,4.5615,25.1926,44.4798,12.0678,12.774,142.6217,70.6241,69.7223,72.3844,4.5615,52.3137,89.3147,142.6217,82.195,81.5414,80.9449,42.9145,67.412,95.104,18.7148,17.7373,26.8062,26.4761,1.8055,0.51277,0.51079,0.51068,0.0,0.3611,0.72221,0.24307,0.22291,1.8055,0.48961,0.49792,0.51068,0.0,0.3611,0.72221,1.4889,0.48219,0.49368,0.51068,0.0,0.3611,0.62545,0.23023,0.21586,0.23376,0.21775,38969.0,6785.9131,5984.8848,4387.5,437.0,3244.5,7278.5,6933.719,6383.1685,47842,8108.4423,6378.6092,5723.5,1,3125.0,9264.0,47842.0,8532.121,6508.3544,5794.5,1.0,3101.0,10081.0,8665.3009,7127.3661,8311.682,6954.0174,35.2484,10.1424,12.5815,9.3797,6.1964,7.9184,11.4945,3.157,3.7764,35.2484,10.0394,12.5036,9.2817,6.1958,7.8203,11.3731,30.7679,10.0064,12.4779,9.2423,6.1958,7.7862,11.3355,3.1031,3.6727,3.1165,3.699,32.6779,4.5806,10.7332,2.3543,0.047086,0.70629,6.7804,5.3108,6.7351,38.4224,4.4839,10.5947,2.4485,0.047086,0.70629,6.4508,38.4224,4.453,10.5491,2.4485,0.047086,0.70629,6.4037,5.2108,6.9589,5.235,6.9046,,,,,,,,,,,,,,,,,,,,,,,,,,,,,,,,,,,,,,,,,,,,,,,,,,,,,,,,,,,,,,,,,,,,,,,,,,,,,,,,,,,,,,,,,,,,,,,,,,,,,,,,,,,,
2,1,II,5474.0,19-Jan-2022 17:43:20,1.0,0.55694,0.73692,0.56989,0.0,0.35484,0.77419,0.26779,0.24505,1.0,0.54315,0.74372,0.55914,0.0,0.32258,0.76344,1.0,0.53861,0.74626,0.55914,0.0,0.32258,0.76344,0.27294,0.23993,0.27176,0.24137,0.93891,0.072341,0.020642,0.0,0.0,0.0,0.18778,0.14021,0.067073,0.93891,0.082193,0.023942,0.0,0.0,0.0,0.18778,0.93891,0.085434,0.025177,0.0,0.0,0.0,0.18778,0.14902,0.077097,0.14699,0.074529,71.0,4.9469,13.8086,0.0,0.0,0.0,3.0,10.7519,17.5456,72,4.0537,12.3247,0,0,0,0,72.0,3.7599,11.7695,0.0,0.0,0.0,0.0,9.6985,17.4673,9.9818,17.5122,0.29549,0.17521,0.59293,2.5777,2.6229,3.119,15.8885,62.832,32.4993,53204.2202,0.80525,59.2209,200.415,,,2893.4786,0.084648,21651.0293,7.4827,338.0072,237.0,49.9395,100.1575,36.0,1.0,13.0,77.0,45.623,50.2,252,45.9176,97.9341,31,1,11,70.0,252.0,44.5946,97.1022,29.0,1.0,10.0,66.0,43.992,50.9001,44.457,50.7287,0.643,0.092402,0.2139,0.052,0.001,0.015,0.13275,0.106,0.14066,0.885,0.086273,0.21097,0.045,0.001,0.013,0.12,0.885,0.084257,0.20987,0.042,0.001,0.012,0.116,0.10502,0.14376,0.10531,0.14293,52.0472,34.9458,35.0195,36.6925,3.9081,26.5293,45.1896,11.836,11.6655,132.8454,71.3322,69.1162,74.1163,3.9081,52.2144,91.1074,132.8454,83.302,81.8746,82.9813,52.0761,69.1476,95.424,17.755,17.3265,26.5983,26.278,52.942,34.5171,34.9938,36.3101,2.618,26.2104,44.2954,11.8191,11.7288,132.7325,70.6042,68.8818,73.2798,2.618,51.484,90.2348,132.7325,82.4755,81.562,82.3768,42.5965,68.5469,94.6015,17.8624,17.3509,26.5162,26.1963,1.302,0.46832,0.49062,0.51068,0.0,0.3611,0.51068,0.20583,0.19927,1.4444,0.44917,0.46937,0.3611,0.0,0.3611,0.51068,1.4444,0.44287,0.46141,0.3611,0.0,0.3611,0.51068,0.22434,0.20791,0.22016,0.206,39075.0,5772.2524,4606.3687,4397.0,547.0,3452.5,6888.5,5293.299,3563.5182,47645,8555.0389,5891.4681,5613.5,2,3278.0,8416.0,47645.0,9470.4737,6372.3276,5768.0,2.0,3225.25,9185.25,10877.3805,7536.2148,9924.9294,6738.3572,18.3422,7.2771,8.935,6.7647,4.7255,5.7973,8.2349,2.0465,2.3223,25.4463,7.3449,9.1411,6.8025,4.7177,5.76,8.3168,25.4463,7.3673,9.2183,6.8135,4.7177,5.7515,8.3316,2.2625,2.7403,2.2112,2.6361,30.2765,4.3509,10.072,2.4485,0.047086,0.70629,6.2507,4.991,6.623,31.7832,3.9552,9.8406,2.0718,0.047086,0.56504,5.5091,31.7832,3.8251,9.7541,1.9305,0.047086,0.51795,5.2737,4.7628,6.6766,4.8252,6.6635,,,,,,,,,,,,,,,,,,,,,,,,,,,,,,,,,,,,,,,,,,,,,,,,,,,,,,,,,,,,,,,,,,,,,,,,,,,,,,,,,,,,,,,,,,,,,,,,,,,,,,,,,,,,
3,1,II,13177.0,19-Jan-2022 17:43:20,1.0,0.61175,0.77885,0.65591,0.0,0.37634,0.88172,0.30113,0.26195,1.0,0.60374,0.78251,0.63441,0.0,0.36559,0.88172,1.0,0.60127,0.78368,0.63441,0.0,0.3625,0.88172,0.30298,0.25563,0.30257,0.25718,1.1267,0.024659,0.0018405,0.0,0.0,0.0,0.0,0.096627,0.023055,1.1267,0.027048,0.0021282,0.0,0.0,0.0,0.0,1.1267,0.027785,0.0022197,0.0,0.0,0.0,0.0,0.09629,0.023651,0.096375,0.023509,100.0,10.9752,26.2229,0.0,0.0,0.0,0.0,24.0581,34.215,100,10.4899,26.0101,0,0,0,0,100.0,10.3401,25.9423,0.0,0.0,0.0,0.0,23.7188,34.6749,23.7998,34.5646,0.17054,0.19222,1.1271,2.7761,2.8915,7.5657,64.2764,64.9986,38.9992,42789.6622,0.46133,42.2601,247.8029,,,18023.9336,0.52729,152290.6212,8.4494,219.8582,264.0,96.0251,147.833,94.0,1.0,34.0,150.0,65.458,48.3058,315,93.2541,148.557,87,1,30,150.0,315.0,92.3991,148.7874,85.0,1.0,29.0,149.0,67.5178,50.6264,67.053,50.0777,1.0,0.25131,0.47501,0.178,0.001,0.05,0.398,0.23714,0.23853,1.0,0.25109,0.48604,0.17,0.001,0.045,0.405,1.0,0.25102,0.48956,0.167,0.001,0.043,0.407,0.24418,0.24192,0.24253,0.24119,52.2792,35.7696,35.3432,37.3038,1.9932,27.7998,45.424,11.3639,11.9006,135.9181,72.4441,70.7662,75.3392,1.9932,53.7614,91.9331,135.9181,83.7597,82.0395,83.6369,52.291,69.7944,95.901,17.6399,17.3751,26.1392,25.7398,52.9011,34.6418,34.9256,36.2596,2.8214,26.1564,44.5718,11.7175,12.0804,133.5296,71.7592,70.54,74.7467,2.8214,53.1605,91.4451,133.5296,83.2113,81.8742,83.0666,45.9319,69.2124,95.4082,17.7299,17.408,26.4139,25.8607,1.4444,0.46911,0.5242,0.3611,0.0,0.3611,0.62545,0.22215,0.21241,2.1056,0.46615,0.52098,0.3611,0.0,0.3611,0.62545,2.1056,0.46523,0.51996,0.3611,0.0,0.3611,0.62545,0.2354,0.21819,0.23234,0.21681,28269.0,7135.1983,5193.14,6644.0,595.0,3710.25,9710.75,4798.1556,3041.5658,40511,7682.53,5229.5232,6822.0,1,3513.75,10461.5,40511.0,7851.4039,5241.1022,7018.5,1.0,3382.0,10621.0,5906.423,3399.6508,5672.6547,3316.808,28.7905,11.9209,14.1313,11.2919,7.1787,9.5546,13.5656,3.2315,3.4374,42.7586,11.9016,14.3951,11.2042,7.1553,9.3599,13.6772,42.7586,11.8956,14.4791,11.1799,7.1553,9.3049,13.7196,3.4476,3.7167,3.3977,3.6543,47.0863,11.8332,22.3664,8.3814,0.047086,2.3543,18.7403,11.1661,11.2316,47.0863,11.5573,22.7886,7.5338,0.047086,1.9776,18.7403,47.0863,11.4722,22.923,7.2513,0.047086,1.8364,18.6933,11.4621,11.4651,11.3936,11.4116,,,,,,,,,,,,,,,,,,,,,,,,,,,,,,,,,,,,,,,,,,,,,,,,,,,,,,,,,,,,,,,,,,,,,,,,,,,,,,,,,,,,,,,,,,,,,,,,,,,,,,,,,,,,
0,1,II,10407.0,28-Jan-2022 15:33:08,1.0,0.64976,0.79189,0.69892,0.0,0.44086,0.91398,0.29129,0.24463,1.0,0.63813,0.78738,0.68817,0.0,0.41935,0.90323,1.0,0.63437,0.78576,0.67742,0.0,0.41935,0.90323,0.29451,0.24924,0.29379,0.24804,0.37556,0.016775,0.0014295,0.0,0.0,0.0,0.0,0.062204,0.018244,0.93891,0.021797,0.0020616,0.0,0.0,0.0,0.0,0.93891,0.023419,0.0022892,0.0,0.0,0.0,0.0,0.081421,0.023509,0.077222,0.02224,100.0,14.4392,31.8129,0.0,0.0,0.0,13.0,27.2029,35.6148,100,12.7868,28.9333,0,0,0,5,100.0,12.253,27.8962,0.0,0.0,0.0,3.0,24.4847,33.7347,25.1917,34.2861,0.17895,0.16828,0.94041,2.7819,2.9916,7.8719,70.054,67.8874,32.4993,43541.9433,0.34003,40.8594,228.3329,,,17352.005,0.50763,124700.4569,7.1865,242.8004,279.0,101.7064,145.7197,104.0,1.0,46.0,151.0,62.0017,45.3592,288,97.2297,146.2115,95,1,39,150.0,288.0,95.7836,146.3887,92.0,1.0,37.0,150.0,64.3862,48.0717,63.86,47.3695,0.993,0.27597,0.47432,0.222,0.001,0.072,0.436,0.23401,0.22838,0.993,0.2614,0.46304,0.2,0.001,0.062,0.414,0.992,0.25669,0.45898,0.194,0.001,0.06,0.41,0.22852,0.22454,0.23001,0.22567,52.3452,35.68,34.9204,37.5881,1.8758,27.3301,45.6405,11.7957,12.1082,135.3885,71.8581,69.4132,74.6169,1.8758,53.0787,91.3387,135.3885,83.5449,81.8353,82.9077,52.3555,69.4135,95.7714,17.7729,17.1622,26.3733,26.1504,52.4842,35.0859,34.6137,37.1391,1.5334,26.5487,45.299,12.0023,12.2591,135.5092,71.5007,69.2353,74.3204,1.5334,52.637,91.1086,135.5092,83.264,81.7038,82.6505,48.9195,69.0235,95.5136,17.8356,17.19,26.5328,26.2436,1.302,0.4791,0.51424,0.51068,0.0,0.3611,0.62545,0.19504,0.18633,1.6149,0.47616,0.51233,0.51068,0.0,0.3611,0.51068,1.6149,0.4752,0.51164,0.51068,0.0,0.3611,0.51068,0.1985,0.18792,0.19766,0.1875,25199.0,5509.8741,4291.0005,4595.0,545.0,1951.75,7256.25,3628.8092,2352.8674,44076,5845.6414,4405.0013,5291.0,1,2674.5,8034.75,44076.0,5954.1063,4446.0573,5339.5,1.0,2706.0,8113.0,4786.3348,2815.9093,4534.9315,2701.9088,76.6299,31.9508,37.2635,30.4313,18.0535,25.6208,36.6727,8.598,8.7422,86.8359,31.6468,37.3763,30.0486,18.0003,25.0314,36.5142,86.8359,31.5486,37.417,29.9337,18.0003,24.8832,36.4626,8.9166,9.0515,8.8412,8.9709,46.7567,12.9942,22.3342,10.4532,0.047086,3.3902,20.5296,11.0188,10.7535,46.7567,11.9824,21.6775,8.9464,0.047086,2.731,19.1523,46.7096,11.6555,21.4411,8.4755,0.047086,2.5427,18.7403,10.6804,10.6415,10.7788,10.6785,40.3578,2.291,1.9569,1.8242,0.2475,1.2837,2.5623,2.3933,1.356,77.55,2.3731,2.011,1.8133,0.16683,40.3578,2.291,1.9569,1.8242,0.2475,1.2837,2.5623,2.3933,1.356,77.55,2.3731,2.011,1.8133,0.16683,1.2163,2.6424,77.55,2.3996,2.0305,1.8093,0.16683,1.1973,2.6664,3.2093,1.8478,3.0307,1.7315,1.2163,2.6424,77.55,2.3996,2.0305,1.8093,0.16683,1.1973,2.6664,3.2093,1.8478,3.0307,1.7315,4.0404,0.63934,0.63808,0.54819,0.024778,0.39028,0.77898,0.39665,0.3032,5.9943,0.67227,0.65318,0.55148,0.012895,4.0404,0.63934,0.63808,0.54819,0.024778,0.39028,0.77898,0.39665,0.3032,5.9943,0.67227,0.65318,0.55148,0.012895,0.37844,0.82219,5.9943,0.6829,0.65862,0.55269,0.012895,0.37504,0.83521,0.50981,0.35241,0.48497,0.3402,0.37844,0.82219,5.9943,0.6829,0.65862,0.55269,0.012895,0.37504,0.83521,0.50981,0.35241,0.48497,0.3402
1,1,II,8053.0,28-Jan-2022 15:33:08,1.0,0.60179,0.75833,0.63441,0.0,0.3871,0.84946,0.2843,0.25739,1.0,0.59789,0.75176,0.63441,0.0,0.3871,0.83871,1.0,0.59657,0.74948,0.63441,0.0,0.38235,0.83871,0.28492,0.2608,0.28475,0.25995,0.75113,0.034302,0.0057523,0.0,0.0,0.0,0.0,0.091808,0.037061,0.93891,0.039594,0.0069842,0.0,0.0,0.0,0.0,0.93891,0.041379,0.0074122,0.0,0.0,0.0,0.0,0.10212,0.040366,0.09966,0.039547,100.0,8.6283,20.1519,0.0,0.0,0.0,7.0,17.4081,25.7114,100,7.8593,18.7121,0,0,0,5,98.0,7.6,18.212,0.0,0.0,0.0,4.0,16.2309,24.7808,16.5407,25.0384,0.19032,0.24231,1.2731,2.8204,2.8719,4.2881,64.2764,71.4985,63.5542,45014.9007,0.61892,51.4117,270.1296,,,8252.8687,0.24144,59035.3301,7.1533,212.1751,241.0,73.6962,127.7233,61.0,1.0,25.0,115.0,57.3105,51.3537,279,72.3184,129.6384,59,1,21,113.0,279.0,71.8537,130.3036,58.0,1.0,20.0,112.0,59.0793,54.8323,58.6402,53.9688,0.879,0.15914,0.32281,0.107,0.001,0.033,0.239,0.16143,0.18732,0.934,0.15982,0.32896,0.103,0.001,0.03,0.239,0.934,0.16005,0.33109,0.102,0.001,0.029,0.239,0.1669,0.1923,0.16553,0.19106,52.3578,35.6988,35.4623,37.917,3.1356,27.732,46.0246,11.9288,12.4938,134.2982,71.1922,69.8719,73.9234,3.1356,52.0365,90.4619,134.2982,83.1628,81.8236,82.6425,52.3791,69.111,95.2082,17.7125,17.0381,26.3705,25.8255,52.6287,35.0775,35.1392,37.4533,1.7592,26.7583,45.4018,12.1503,12.6281,133.1887,70.8177,69.6822,73.5457,1.7592,51.6332,90.257,133.1887,82.8715,81.6803,82.3151,46.9636,68.8075,94.8944,17.7266,17.038,26.5151,25.904,1.1976,0.49081,0.5178,0.51068,0.0,0.3611,0.62545,0.18898,0.1774,1.4444,0.48906,0.51499,0.51068,0.0,0.3611,0.62545,1.4444,0.48847,0.51402,0.51068,0.0,0.3611,0.62545,0.20479,0.19206,0.20091,0.1884,39129.0,5308.9355,4209.3376,4350.0,648.0,1915.25,6994.75,4080.0643,3001.2777,45430,5694.4186,4385.6466,4805.0,1,2573.75,7364.25,45430.0,5824.4279,4446.8855,4984.5,1.0,2636.0,7557.0,5622.6002,3922.886,5280.772,3708.7382,67.4359,28.5231,33.9449,26.9995,17.0896,22.844,32.4678,7.7289,8.0818,89.1602,28.6748,34.5794,26.9885,17.084,22.6779,32.8417,89.1602,28.7259,34.7998,26.9799,17.084,22.6391,32.9517,8.3334,8.9271,8.1851,8.725,41.3888,7.4934,15.1998,5.0382,0.047086,1.5538,11.2536,7.601,8.8204,43.9786,7.3308,15.385,4.6145,0.047086,1.3184,10.924,43.9786,7.276,15.4493,4.4732,0.047086,1.2713,10.7828,7.7122,9.0516,7.6844,8.9933,48.5,3.3021,3.0636,2.4279,0.18106,1.6443,3.5619,3.435,2.5714,92.9726,3.5962,3.0953,2.4616,0.18106,48.5,3.3021,3.0636,2.4279,0.18106,1.6443,3.5619,3.435,2.5714,92.9726,3.5962,3.0953,2.4616,0.18106,1.6729,3.7545,92.9726,3.6954,3.1062,2.4739,0.21025,1.6796,3.8466,4.5346,3.0561,4.2871,2.9388,1.6729,3.7545,92.9726,3.6954,3.1062,2.4739,0.21025,1.6796,3.8466,4.5346,3.0561,4.2871,2.9388,5.5232,0.50083,0.45986,0.41189,0.020619,0.28075,0.60817,0.39131,0.27601,5.5232,0.48947,0.46915,0.40623,0.010756,5.5232,0.50083,0.45986,0.41189,0.020619,0.28075,0.60817,0.39131,0.27601,5.5232,0.48947,0.46915,0.40623,0.010756,0.26635,0.59777,4.7563,0.48564,0.47237,0.40422,0.010756,0.25997,0.59537,0.37778,0.28402,0.38127,0.28203,0.26635,0.59777,4.7563,0.48564,0.47237,0.40422,0.010756,0.25997,0.59537,0.37778,0.28402,0.38127,0.28203
2,1,II,9139.0,28-Jan-2022 15:33:08,1.0,0.58606,0.75136,0.6129,0.0,0.36559,0.83871,0.29218,0.25928,1.0,0.57307,0.75516,0.5914,0.0,0.34409,0.82796,1.0,0.5692,0.75638,0.5914,0.0,0.33333,0.82796,0.29352,0.26063,0.29328,0.26031,0.75113,0.030284,0.0037146,0.0,0.0,0.0,0.0,0.092548,0.030192,1.3145,0.04356,0.0060734,0.0,0.0,0.0,0.0,1.3145,0.047526,0.0068309,0.0,0.0,0.0,0.0,0.12481,0.042044,0.11839,0.039514,100.0,8.6936,22.0501,0.0,0.0,0.0,6.0,17.912,27.0826,100,7.8317,21.5531,0,0,0,1,99.0,7.5743,21.3935,0.0,0.0,0.0,0.0,17.1777,27.2923,17.3547,27.2429,0.23797,0.212,0.89086,2.8316,2.8242,4.3896,65.7208,63.5542,44.7768,44503.227,0.45427,53.4666,224.6759,,,9332.9356,0.27303,64873.9829,6.9511,252.2,246.0,73.1456,127.8906,61.0,1.0,23.0,114.0,57.6063,51.6683,258,69.0775,127.4852,54,1,19,109.0,258.0,67.8623,127.3551,52.0,1.0,18.0,107.0,57.4777,53.1658,57.5471,52.8062,0.898,0.15933,0.32671,0.104,0.001,0.03,0.244,0.16335,0.19127,1.0,0.15368,0.33356,0.091,0.001,0.025,0.23,1.0,0.152,0.33576,0.087,0.001,0.024,0.226,0.16784,0.19951,0.16684,0.19757,51.8645,35.2222,34.7208,37.355,2.5859,26.5083,45.4736,12.0149,12.2815,137.0363,72.1418,70.887,74.6484,2.5859,54.199,91.7307,137.0363,83.17,82.5017,82.8849,51.9019,68.7763,95.4693,17.6879,17.3014,26.1014,26.14,52.1962,34.719,34.5251,36.924,1.8546,26.2678,44.9436,12.2291,12.3931,134.0401,71.6981,70.7444,74.2374,1.8546,53.6991,91.3996,134.0401,82.7441,82.376,82.5539,45.0917,68.2845,95.0733,17.7552,17.3192,26.1845,26.1852,1.4889,0.47547,0.49256,0.51068,0.0,0.3611,0.51068,0.20447,0.19689,1.532,0.46346,0.49098,0.3611,0.0,0.3611,0.51068,1.532,0.45987,0.49048,0.3611,0.0,0.3611,0.51068,0.21234,0.19876,0.21065,0.19831,30870.0,5116.4091,4124.0352,4316.0,543.0,1847.0,6903.0,3589.7586,2298.0845,45923,6559.9586,4363.8515,5207.0,1,2786.25,7922.75,45923.0,6991.1567,4440.8676,5381.0,1.0,2826.75,8190.25,7357.7028,3639.457,6728.1768,3365.725,68.0611,25.2697,29.9045,23.9563,15.5143,20.3148,28.9429,6.7314,6.9727,68.2499,25.2272,30.7841,23.7044,15.4632,20.0193,28.7209,68.2499,25.2145,31.0666,23.6459,15.4632,19.8975,28.6396,7.2013,8.1254,7.0956,7.8765,42.2835,7.5022,15.3837,4.897,0.047086,1.4126,11.4891,7.6913,9.006,42.8956,7.0986,15.6334,4.1436,0.047086,1.1301,10.6297,42.8956,6.978,15.7136,3.9082,0.047086,1.083,10.359,7.8081,9.3951,7.7841,9.3031,53.8585,2.9092,2.5673,2.1192,0.33552,1.6018,3.0183,3.0002,2.0624,93.4359,3.0942,2.6638,2.2376,0.22863,53.8585,2.9092,2.5673,2.1192,0.33552,1.6018,3.0183,3.0002,2.0624,93.4359,3.0942,2.6638,2.2376,0.22863,1.638,3.2421,93.4359,3.1495,2.6948,2.2697,0.22863,1.6486,3.31,3.7225,2.1202,3.5706,2.107,1.638,3.2421,93.4359,3.1495,2.6948,2.2697,0.22863,1.6486,3.31,3.7225,2.1202,3.5706,2.107,2.9804,0.50711,0.49387,0.47188,0.018567,0.33132,0.62429,0.28464,0.21433,4.3738,0.49127,0.48026,0.44691,0.010703,2.9804,0.50711,0.49387,0.47188,0.018567,0.33132,0.62429,0.28464,0.21433,4.3738,0.49127,0.48026,0.44691,0.010703,0.30844,0.61049,4.3738,0.48654,0.47589,0.44058,0.010703,0.30212,0.60659,0.29377,0.21666,0.29181,0.21623,0.30844,0.61049,4.3738,0.48654,0.47589,0.44058,0.010703,0.30212,0.60659,0.29377,0.21666,0.29181,0.21623
3,1,II,9096.0,28-Jan-2022 15:33:08,1.0,0.59765,0.748,0.63441,0.0,0.36559,0.86022,0.29492,0.26334,1.0,0.60636,0.76642,0.64516,0.0,0.37634,0.87097,1.0,0.60912,0.77214,0.64516,0.0,0.37634,0.88172,0.29878,0.25854,0.29788,0.25989,0.75113,0.023419,0.0026326,0.0,0.0,0.0,0.0,0.078149,0.024621,0.93891,0.027457,0.0030465,0.0,0.0,0.0,0.0,0.93891,0.028737,0.003175,0.0,0.0,0.0,0.0,0.089741,0.027238,0.087118,0.026642,100.0,11.4084,22.4002,0.0,0.0,0.0,13.0,21.6261,29.2062,100,11.4183,23.0536,0,0,0,11,100.0,11.4215,23.2565,0.0,0.0,0.0,10.0,22.27,30.7676,22.1156,30.407,0.11824,0.23305,1.971,2.7563,2.7842,5.2561,62.832,60.6654,32.4993,59227.9384,0.86173,45.5854,385.5315,,,13543.0187,0.3962,86119.1755,6.3589,195.6036,255.0,87.3257,139.6487,82.0,1.0,30.0,137.0,61.5031,48.2473,272,86.7935,140.5613,81,1,29,138.0,272.0,86.6249,140.8447,80.0,1.0,29.0,139.0,62.6711,48.6639,62.3894,48.5682,0.827,0.19802,0.36546,0.147,0.001,0.041,0.31,0.18213,0.18424,0.988,0.20554,0.38362,0.15,0.001,0.042,0.325,0.988,0.20792,0.38926,0.151,0.001,0.042,0.33,0.19462,0.1997,0.19173,0.19641,52.0456,35.1631,35.5151,36.7074,1.6972,26.8377,45.1841,11.6974,11.6002,132.0214,71.6616,70.9183,74.4827,1.6972,53.0303,91.369,132.0214,83.2289,81.9154,82.8833,52.0781,69.1201,95.1772,17.6673,17.0743,26.3089,25.3705,52.2274,34.6472,35.3803,36.3969,3.3282,26.1034,44.7298,11.8744,11.6441,132.1615,71.3353,70.8421,74.2153,3.3282,52.7912,91.1859,132.1615,82.9627,81.8573,82.5802,47.7769,68.8113,94.9542,17.7288,17.0867,26.4427,25.407,1.302,0.46695,0.50908,0.51068,0.0,0.3611,0.51068,0.19841,0.18931,1.6149,0.47022,0.50868,0.51068,0.0,0.3611,0.51068,1.6149,0.47125,0.50855,0.51068,0.0,0.3611,0.51068,0.19787,0.1879,0.198,0.18823,28833.0,5112.989,3547.7627,4244.0,593.0,1741.75,6893.25,3778.6866,2381.1666,40445,5594.9971,3517.9598,4644.5,1,2320.5,7219.5,40445.0,5747.7575,3508.7023,4831.0,1.0,2413.25,7421.5,5731.0559,2933.5771,5333.7086,2812.5301,59.5761,24.3431,28.4158,23.1185,14.5771,19.579,27.7318,6.4176,6.4407,78.484,24.9347,29.5803,23.5462,14.5596,19.6119,28.7018,78.484,25.1222,29.942,23.719,14.5596,19.6219,29.0347,7.3677,7.5141,7.158,7.3029,38.9404,9.3242,17.208,6.9217,0.047086,1.9305,14.5967,8.5758,8.6752,46.5213,9.4678,17.9762,6.7333,0.047086,1.8835,15.0205,46.5213,9.5133,18.2148,6.7333,0.047086,1.8364,15.1618,9.099,9.4449,8.9758,9.2781,53.3529,2.8929,2.5123,2.1898,0.5129,1.6686,2.9838,2.8509,1.7619,167.4231,3.0748,2.5836,2.2328,0.22931,53.3529,2.8929,2.5123,2.1898,0.5129,1.6686,2.9838,2.8509,1.7619,167.4231,3.0748,2.5836,2.2328,0.22931,1.6814,3.1175,167.4231,3.1324,2.6057,2.2507,0.22931,1.6869,3.1727,4.3922,2.3471,4.076,2.2227,1.6814,3.1175,167.4231,3.1324,2.6057,2.2507,0.22931,1.6869,3.1727,4.3922,2.3471,4.076,2.2227,1.9497,0.48522,0.48487,0.45665,0.018743,0.33515,0.5993,0.23939,0.18586,4.3608,0.48132,0.47942,0.44786,0.0059729,1.9497,0.48522,0.48487,0.45665,0.018743,0.33515,0.5993,0.23939,0.18586,4.3608,0.48132,0.47942,0.44786,0.0059729,0.32077,0.59474,4.3608,0.48009,0.47773,0.44431,0.0059729,0.31519,0.59279,0.26982,0.19351,0.26281,0.19175,0.32077,0.59474,4.3608,0.48009,0.47773,0.44431,0.0059729,0.31519,0.59279,0.26982,0.19351,0.26281,0.19175
0,1,I,16337.0,27-Oct-2021 14:52:55,,,,,,,,,,1.0,0.63596,0.81019,0.70968,0.0,0.37634,0.94624,,,,,,,,,,0.31949,0.24129,,,,,,,,,,0.75113,0.0071724,0.00028357,0.0,0.0,0.0,0.0,,,,,,,,,,0.044567,0.0080211,,,,,,,,,,100,12.9143,25.2514,0,0,0,0,,,,,,,,,,30.1563,39.2317,0.094626,0.085328,0.90174,,,,,,,43942.068,0.43228,21.2543,224.6137,,,27510.9967,0.80483,304732.1539,11.0767,249.0889,,,,,,,,,,327,122.9742,156.7772,128,0,65,179.0,,,,,,,,,,71.0474,55.3408,,,,,,,,,,1.0,0.40776,0.63862,0.368,0.001,0.119,0.679,,,,,,,,,,0.30717,0.24487,,,,,,,,,,,,,,,,,,,,,,,,,,,,,,,,,,,,,,,,,,,,,,,,,,,,,,,,,,,,,,,,,,,,,,,,,,,,,,,,,,,,,,,,,,,22070,8286.7848,6559.89,8196.0,1,4111.75,12290.25,,,,,,,,,,4879.6024,3321.019,,,,,,,,,,47.002,19.4305,22.4584,18.2868,13.1671,15.8079,22.1393,,,,,,,,,,4.6772,4.6883,,,,,,,,,,47.0863,18.6529,29.8904,16.3389,0.047086,5.0382,31.4536,,,,,,,,,,14.4784,11.6612,,,,,,,,,,,,,,,,,,,,,,,,,,,,,,,,,,,,,,,,,,,,,,,,,,,,,,,,,,,,,,,,,,,,,,,,,,,,,,,,,,,,,,,,,,,,,,,,,,,,,,,,,,,,
1,1,I,16395.0,27-Oct-2021 14:52:55,,,,,,,,,,1.0,0.62614,0.80555,0.6875,0.0,0.36559,0.92473,,,,,,,,,,0.31644,0.24283,,,,,,,,,,1.1267,0.0074906,0.00039396,0.0,0.0,0.0,0.0,,,,,,,,,,0.045201,0.0094085,,,,,,,,,,100,12.2261,24.9607,0,0,0,0,,,,,,,,,,28.8276,38.2031,0.09566,0.089721,0.93791,,,,,,,42166.9878,0.34687,21.4661,224.4001,,,26137.4094,0.76464,287187.6141,10.9876,239.2542,,,,,,,,,,328,117.9644,157.6536,124,0,52,178.0,,,,,,,,,,72.3696,53.7198,,,,,,,,,,1.0,0.38452,0.62619,0.343,0.001,0.085,0.65275,,,,,,,,,,0.30603,0.24183,,,,,,,,,,,,,,,,,,,,,,,,,,,,,,,,,,,,,,,,,,,,,,,,,,,,,,,,,,,,,,,,,,,,,,,,,,,,,,,,,,,,,,,,,,,24260,8437.492,7103.6723,8368.0,1,4267.25,12473.75,,,,,,,,,,4903.2981,3246.6466,,,,,,,,,,49.8517,20.4336,23.8251,19.0823,14.0796,16.5144,23.3596,,,,,,,,,,4.945,4.9048,,,,,,,,,,47.0863,17.5168,29.2692,14.9734,0.047086,3.7198,30.1352,,,,,,,,,,14.3484,11.5243,,,,,,,,,,,,,,,,,,,,,,,,,,,,,,,,,,,,,,,,,,,,,,,,,,,,,,,,,,,,,,,,,,,,,,,,,,,,,,,,,,,,,,,,,,,,,,,,,,,,,,,,,,,,
2,1,I,18183.0,27-Oct-2021 14:52:55,,,,,,,,,,1.0,0.62683,0.80942,0.68817,0.0,0.3625,0.93548,,,,,,,,,,0.32077,0.24242,,,,,,,,,,0.56334,0.0070019,0.00035218,0.0,0.0,0.0,0.0,,,,,,,,,,0.039652,0.0085351,,,,,,,,,,100,11.5015,23.4741,0,0,0,0,,,,,,,,,,28.6271,38.118,0.10601,0.10002,0.94349,,,,,,,41960.2047,0.33141,23.8008,224.5133,,,27269.8953,0.79778,332634.4061,12.1979,237.9609,,,,,,,,,,325,119.2029,156.7641,126,0,53,179.0,,,,,,,,,,72.7613,55.1002,,,,,,,,,,1.0,0.401,0.64451,0.37,0.001,0.091,0.681,,,,,,,,,,0.31325,0.24071,,,,,,,,,,,,,,,,,,,,,,,,,,,,,,,,,,,,,,,,,,,,,,,,,,,,,,,,,,,,,,,,,,,,,,,,,,,,,,,,,,,,,,,,,,,23816,9287.4063,7691.4007,9200.0,1,4653.25,13752.75,,,,,,,,,,5428.1589,3604.7312,,,,,,,,,,39.6781,14.9916,17.6095,13.8556,10.0689,11.9151,17.4001,,,,,,,,,,3.879,3.8106,,,,,,,,,,47.0863,18.2937,30.1443,16.0564,0.047086,3.9082,31.5478,,,,,,,,,,14.7242,11.4837,,,,,,,,,,,,,,,,,,,,,,,,,,,,,,,,,,,,,,,,,,,,,,,,,,,,,,,,,,,,,,,,,,,,,,,,,,,,,,,,,,,,,,,,,,,,,,,,,,,,,,,,,,,,
3,1,I,18585.0,27-Oct-2021 14:52:55,,,,,,,,,,1.0,0.62344,0.8025,0.67742,0.0,0.35484,0.93548,,,,,,,,,,0.3245,0.24784,,,,,,,,,,0.75113,0.0083459,0.00038731,0.0,0.0,0.0,0.0,,,,,,,,,,0.047223,0.0093031,,,,,,,,,,100,11.006,20.9543,0,0,0,0,,,,,,,,,,27.865,36.6726,0.10246,0.11064,1.0799,,,,,,,40905.2378,0.37752,24.2982,237.1583,,,26672.0274,0.78028,340200.4849,12.755,219.6093,,,,,,,,,,330,120.9614,155.6226,127,0,60,178.0,,,,,,,,,,71.0993,54.8488,,,,,,,,,,1.0,0.40035,0.63416,0.363,0.001,0.106,0.66625,,,,,,,,,,0.30681,0.24394,,,,,,,,,,,,,,,,,,,,,,,,,,,,,,,,,,,,,,,,,,,,,,,,,,,,,,,,,,,,,,,,,,,,,,,,,,,,,,,,,,,,,,,,,,,24856,9438.224,7383.4447,9344.0,1,4697.75,14008.25,,,,,,,,,,5539.1913,3786.4032,,,,,,,,,,38.3177,13.0411,15.3456,12.0905,8.6451,10.3125,15.0165,,,,,,,,,,3.4902,3.5148,,,,,,,,,,47.0863,18.3051,29.6697,16.0564,0.047086,4.5203,30.7473,,,,,,,,,,14.4236,11.6114,,,,,,,,,,,,,,,,,,,,,,,,,,,,,,,,,,,,,,,,,,,,,,,,,,,,,,,,,,,,,,,,,,,,,,,,,,,,,,,,,,,,,,,,,,,,,,,,,,,,,,,,,,,,
0,1,I,17905.0,28-Oct-2021 10:23:18,,,,,,,,,,1.0,0.67001,0.83287,0.76344,0.0,0.4086,0.97849,,,,,,,,,,0.32016,0.23045,,,,,,,,,,0.75113,0.0086418,0.00035001,0.0,0.0,0.0,0.0,,,,,,,,,,0.0468,0.0089371,,,,,,,,,,100,11.9355,22.4259,0,0,0,0,,,,,,,,,,29.3473,37.9424,0.10613,0.11022,1.0386,,,,,,,42168.6738,0.27001,25.0612,236.1399,,,27866.3248,0.81522,371927.1613,13.3468,227.3687,,,,,,,,,,343,124.3309,149.9219,134,0,71,176.0,,,,,,,,,,68.1158,53.9563,,,,,,,,,,1.0,0.4552,0.66731,0.466,0.001,0.154,0.721,,,,,,,,,,0.31155,0.23082,,,,,,,,,,,,,,,,,,,,,,,,,,,,,,,,,,,,,,,,,,,,,,,,,,,,,,,,,,,,,,,,,,,,,,,,,,,,,,,,,,,,,,,,,,,28002,9077.9793,6517.1987,8958.0,1,4481.75,13440.25,,,,,,,,,,5376.185,3798.6097,,,,,,,,,,41.2024,13.8506,16.3314,12.9489,8.2207,10.2408,16.4504,,,,,,,,,,4.3882,4.2638,,,,,,,,,,47.0863,20.7723,31.2108,20.8592,0.047086,6.3096,33.4784,,,,,,,,,,14.7257,11.0414,,,,,,,,,,,,,,,,,,,,,,,,,,,,,,,,,,,,,,,,,,,,,,,,,,,,,,,,,,,,,,,,,,,,,,,,,,,,,,,,,,,,,,,,,,,,,,,,,,,,,,,,,,,,
1,1,I,18322.0,28-Oct-2021 10:23:18,,,,,,,,,,1.0,0.65253,0.82204,0.73118,0.0,0.3871,0.95699,,,,,,,,,,0.3207,0.23897,,,,,,,,,,0.75113,0.0088961,0.00042635,0.0,0.0,0.0,0.0,,,,,,,,,,0.047228,0.0096322,,,,,,,,,,100,11.238,21.1819,0,0,0,0,,,,,,,,,,28.2647,37.0034,0.10164,0.10846,1.067,,,,,,,43016.5678,0.34882,24.5719,241.746,,,26848.7174,0.78545,351089.3122,13.0766,226.5617,,,,,,,,,,313,119.5187,148.9365,127,0,64,172.0,,,,,,,,,,67.5006,53.8075,,,,,,,,,,1.0,0.41981,0.64518,0.397,0.001,0.126,0.688,,,,,,,,,,0.3085,0.24287,,,,,,,,,,,,,,,,,,,,,,,,,,,,,,,,,,,,,,,,,,,,,,,,,,,,,,,,,,,,,,,,,,,,,,,,,,,,,,,,,,,,,,,,,,,25635,9282.4733,7094.4582,9180.5,1,4600.0,13772.0,,,,,,,,,,5466.2302,3819.6208,,,,,,,,,,46.3591,15.7879,18.8619,14.4914,9.5123,11.9457,18.4359,,,,,,,,,,5.0079,5.0929,,,,,,,,,,47.0863,19.1622,30.1772,17.6574,0.047086,5.3208,31.7832,,,,,,,,,,14.5287,11.5798,,,,,,,,,,,,,,,,,,,,,,,,,,,,,,,,,,,,,,,,,,,,,,,,,,,,,,,,,,,,,,,,,,,,,,,,,,,,,,,,,,,,,,,,,,,,,,,,,,,,,,,,,,,,
2,1,I,17920.0,28-Oct-2021 10:23:18,,,,,,,,,,1.0,0.63225,0.81214,0.69892,0.0,0.36559,0.94624,,,,,,,,,,0.32178,0.23994,,,,,,,,,,0.93891,0.0077125,0.00029728,0.0,0.0,0.0,0.0,,,,,,,,,,0.044972,0.0080909,,,,,,,,,,100,11.6648,23.1488,0,0,0,0,,,,,,,,,,28.7971,37.9447,0.10807,0.094656,0.8759,,,,,,,44799.959,0.4825,24.1553,223.5222,,,27257.1165,0.7974,337255.1249,12.3731,255.192,,,,,,,,,,334,119.3787,153.5878,125,0,59,176.0,,,,,,,,,,70.4764,54.5434,,,,,,,,,,1.0,0.41138,0.65201,0.37,0.001,0.107,0.7,,,,,,,,,,0.31474,0.24377,,,,,,,,,,,,,,,,,,,,,,,,,,,,,,,,,,,,,,,,,,,,,,,,,,,,,,,,,,,,,,,,,,,,,,,,,,,,,,,,,,,,,,,,,,,24307,9096.6271,7226.6429,9002.5,1,4522.5,13486.5,,,,,,,,,,5347.344,3558.4006,,,,,,,,,,45.7574,18.5595,21.8492,17.2232,12.1503,14.6302,21.6203,,,,,,,,,,4.9603,4.8518,,,,,,,,,,47.0863,18.82,30.5207,16.3389,0.047086,4.5203,32.5366,,,,,,,,,,14.8398,11.6201,,,,,,,,,,,,,,,,,,,,,,,,,,,,,,,,,,,,,,,,,,,,,,,,,,,,,,,,,,,,,,,,,,,,,,,,,,,,,,,,,,,,,,,,,,,,,,,,,,,,,,,,,,,,
3,1,I,18694.0,28-Oct-2021 10:23:18,,,,,,,,,,1.0,0.64745,0.82114,0.72043,0.0,0.3871,0.95699,,,,,,,,,,0.31999,0.23662,,,,,,,,,,0.56334,0.0075338,0.00037893,0.0,0.0,0.0,0.0,,,,,,,,,,0.041521,0.0088371,,,,,,,,,,100,11.2704,20.8052,0,0,0,0,,,,,,,,,,28.5271,37.0315,0.10463,0.11267,1.0769,,,,,,,42480.2967,0.371,25.2503,241.3384,,,27472.7908,0.80371,363824.3172,13.2431,224.1151,,,,,,,,,,331,119.2165,149.0737,124,0,61,174.0,,,,,,,,,,69.1732,55.8679,,,,,,,,,,1.0,0.42591,0.66073,0.4,0.001,0.119,0.713,,,,,,,,,,0.31649,0.24501,,,,,,,,,,,,,,,,,,,,,,,,,,,,,,,,,,,,,,,,,,,,,,,,,,,,,,,,,,,,,,,,,,,,,,,,,,,,,,,,,,,,,,,,,,,25413,9475.9942,7388.4376,9373.5,1,4700.0,14055.0,,,,,,,,,,5579.9776,3793.0995,,,,,,,,,,72.7418,16.2447,19.3559,14.9052,10.1506,12.4083,19.005,,,,,,,,,,4.9238,4.9812,,,,,,,,,,47.0863,19.4621,30.9214,17.6574,0.047086,5.0853,32.9604,,,,,,,,,,14.9343,11.6876,,,,,,,,,,,,,,,,,,,,,,,,,,,,,,,,,,,,,,,,,,,,,,,,,,,,,,,,,,,,,,,,,,,,,,,,,,,,,,,,,,,,,,,,,,,,,,,,,,,,,,,,,,,,
0,1,I,15648.0,29-Oct-2021 11:06:02,,,,,,,,,,1.0,0.65263,0.81353,0.73118,0.0,0.39785,0.95699,,,,,,,,,,0.3164,0.23707,,,,,,,,,,0.75113,0.0069122,0.00026862,0.0,0.0,0.0,0.0,,,,,,,,,,0.040023,0.0074839,,,,,,,,,,100,13.4504,25.7247,0,0,0,0,,,,,,,,,,30.6337,39.3172,0.096787,0.079389,0.82024,,,,,,,45270.5644,0.57202,21.0451,217.4368,,,27444.6254,0.80289,316286.1405,11.5245,265.0898,,,,,,,,,,338,129.0337,157.1924,140,0,75,183.0,,,,,,,,,,69.9936,54.4014,,,,,,,,,,1.0,0.44212,0.65183,0.441,0.001,0.158,0.703,,,,,,,,,,0.30464,0.23358,,,,,,,,,,,,,,,,,,,,,,,,,,,,,,,,,,,,,,,,,,,,,,,,,,,,,,,,,,,,,,,,,,,,,,,,,,,,,,,,,,,,,,,,,,,21418,7915.9253,5860.2785,7825.5,1,3913.5,11743.5,,,,,,,,,,4673.1451,3315.6764,,,,,,,,,,70.5899,29.2843,33.4161,28.1277,19.6015,23.6517,33.4304,,,,,,,,,,6.9399,6.7023,,,,,,,,,,47.0863,20.2126,30.5078,19.7762,0.047086,6.4037,32.6779,,,,,,,,,,14.4259,11.1524,,,,,,,,,,,,,,,,,,,,,,,,,,,,,,,,,,,,,,,,,,,,,,,,,,,,,,,,,,,,,,,,,,,,,,,,,,,,,,,,,,,,,,,,,,,,,,,,,,,,,,,,,,,,
1,1,I,16260.0,29-Oct-2021 11:06:02,,,,,,,,,,1.0,0.61174,0.80295,0.65591,0.0,0.34409,0.92473,,,,,,,,,,0.31806,0.2419,,,,,,,,,,0.56334,0.009008,0.0004489,0.0,0.0,0.0,0.0,,,,,,,,,,0.047414,0.010138,,,,,,,,,,100,12.5266,25.7231,0,0,0,0,,,,,,,,,,29.3695,38.8418,0.085447,0.096639,1.131,,,,,,,41033.2934,0.46713,20.7706,243.0812,,,26559.3696,0.77699,281943.1902,10.6156,214.9291,,,,,,,,,,326,118.5313,162.8354,128,0,45,182.0,,,,,,,,,,75.8072,53.213,,,,,,,,,,1.0,0.37957,0.63009,0.344,0.001,0.069,0.655,,,,,,,,,,0.30908,0.2354,,,,,,,,,,,,,,,,,,,,,,,,,,,,,,,,,,,,,,,,,,,,,,,,,,,,,,,,,,,,,,,,,,,,,,,,,,,,,,,,,,,,,,,,,,,21474,8487.9207,7281.9555,8433.5,1,4368.5,12503.5,,,,,,,,,,4872.2676,3164.8998,,,,,,,,,,67.5317,27.666,32.0679,25.9587,19.687,22.6931,31.5857,,,,,,,,,,6.1815,5.9977,,,,,,,,,,47.0863,17.3397,29.4767,14.9028,0.047086,3.0135,30.2765,,,,,,,,,,14.5074,11.2228,,,,,,,,,,,,,,,,,,,,,,,,,,,,,,,,,,,,,,,,,,,,,,,,,,,,,,,,,,,,,,,,,,,,,,,,,,,,,,,,,,,,,,,,,,,,,,,,,,,,,,,,,,,,
2,1,I,17243.0,29-Oct-2021 11:06:02,,,,,,,,,,1.0,0.6372,0.81213,0.70968,0.0,0.36559,0.94624,,,,,,,,,,0.32235,0.24082,,,,,,,,,,0.56334,0.0072529,0.00026902,0.0,0.0,0.0,0.0,,,,,,,,,,0.042526,0.0077105,,,,,,,,,,100,12.4413,23.6067,0,0,0,0,,,,,,,,,,29.9241,38.7161,0.095352,0.10165,1.066,,,,,,,43443.372,0.34646,23.1542,242.8291,,,27973.1188,0.81835,340308.4354,12.1656,227.7891,,,,,,,,,,355,122.7219,152.6928,129,0,65,178.0,,,,,,,,,,70.3883,56.4645,,,,,,,,,,1.0,0.43258,0.66384,0.405,0.001,0.129,0.721,,,,,,,,,,0.31723,0.2439,,,,,,,,,,,,,,,,,,,,,,,,,,,,,,,,,,,,,,,,,,,,,,,,,,,,,,,,,,,,,,,,,,,,,,,,,,,,,,,,,,,,,,,,,,,22405,8729.4203,6835.4119,8637.0,1,4325.25,12950.75,,,,,,,,,,5142.6218,3493.6016,,,,,,,,,,55.0191,23.5859,27.449,22.0205,15.6082,18.8008,27.2572,,,,,,,,,,6.1073,6.0335,,,,,,,,,,47.0863,19.736,31.0458,17.8928,0.047086,5.462,33.4313,,,,,,,,,,14.9407,11.6381,,,,,,,,,,,,,,,,,,,,,,,,,,,,,,,,,,,,,,,,,,,,,,,,,,,,,,,,,,,,,,,,,,,,,,,,,,,,,,,,,,,,,,,,,,,,,,,,,,,,,,,,,,,,
3,1,I,18714.0,29-Oct-2021 11:06:02,,,,,,,,,,1.0,0.6157,0.81551,0.66667,0.0,0.33333,0.93548,,,,,,,,,,0.32677,0.23725,,,,,,,,,,0.75113,0.011339,0.00039211,0.0,0.0,0.0,0.0,,,,,,,,,,0.05404,0.0094496,,,,,,,,,,100,11.5713,24.362,0,0,0,0,,,,,,,,,,29.1424,39.1726,0.1202,0.10621,0.88356,,,,,,,42414.5381,0.46832,26.2567,218.4391,,,28236.6483,0.82606,348890.9475,12.356,247.2262,,,,,,,,,,345,116.924,155.1286,126,0,44,178.0,,,,,,,,,,74.9362,56.254,,,,,,,,,,1.0,0.40851,0.66527,0.389,0.001,0.073,0.7,,,,,,,,,,0.32461,0.23801,,,,,,,,,,,,,,,,,,,,,,,,,,,,,,,,,,,,,,,,,,,,,,,,,,,,,,,,,,,,,,,,,,,,,,,,,,,,,,,,,,,,,,,,,,,27262,10209.7079,8482.7204,10158.5,1,5480.0,14846.0,,,,,,,,,,5674.9877,3617.759,,,,,,,,,,61.5832,22.6085,26.9041,21.1484,15.0512,17.477,26.3321,,,,,,,,,,6.1862,5.9819,,,,,,,,,,47.0863,18.6433,31.1175,16.9982,0.047086,3.1548,32.3012,,,,,,,,,,15.2503,11.3682,,,,,,,,,,,,,,,,,,,,,,,,,,,,,,,,,,,,,,,,,,,,,,,,,,,,,,,,,,,,,,,,,,,,,,,,,,,,,,,,,,,,,,,,,,,,,,,,,,,,,,,,,,,,
